repeticion,mecanismo,tipo_evento,lamport_docA,lamport_docB,vector_docA,vector_docB,conflicto_detectado,reconciliacion_automatica,estrategia_resolucion
1,M2,EDICION_CONCURRENTE_OFFLINE,6,6,N/A,N/A,True,False,BLOQUEO_INTERVENCION_MANUAL
1,M3,EDICION_CONCURRENTE_OFFLINE,6,6,"{""docente-A"":2}","{""docente-A"":1,""docente-B"":1}",True,False,PRESERVAR_AMBAS_Y_RESOLVER_MANUALMENTE
2,M2,EDICION_CONCURRENTE_OFFLINE,6,6,N/A,N/A,True,False,BLOQUEO_INTERVENCION_MANUAL
2,M3,EDICION_CONCURRENTE_OFFLINE,6,6,"{""docente-A"":2}","{""docente-A"":1,""docente-B"":1}",True,False,PRESERVAR_AMBAS_Y_RESOLVER_MANUALMENTE
3,M2,EDICION_CONCURRENTE_OFFLINE,6,6,N/A,N/A,True,False,BLOQUEO_INTERVENCION_MANUAL
3,M3,EDICION_CONCURRENTE_OFFLINE,6,6,"{""docente-A"":2}","{""docente-A"":1,""docente-B"":1}",True,False,PRESERVAR_AMBAS_Y_RESOLVER_MANUALMENTE
4,M2,EDICION_CONCURRENTE_OFFLINE,6,6,N/A,N/A,True,False,BLOQUEO_INTERVENCION_MANUAL
4,M3,EDICION_CONCURRENTE_OFFLINE,6,6,"{""docente-A"":2}","{""docente-A"":1,""docente-B"":1}",True,False,PRESERVAR_AMBAS_Y_RESOLVER_MANUALMENTE
5,M2,EDICION_CONCURRENTE_OFFLINE,6,6,N/A,N/A,True,False,BLOQUEO_INTERVENCION_MANUAL
5,M3,EDICION_CONCURRENTE_OFFLINE,6,6,"{""docente-A"":2}","{""docente-A"":1,""docente-B"":1}",True,False,PRESERVAR_AMBAS_Y_RESOLVER_MANUALMENTE
6,M2,EDICION_CONCURRENTE_OFFLINE,6,6,N/A,N/A,True,False,BLOQUEO_INTERVENCION_MANUAL
6,M3,EDICION_CONCURRENTE_OFFLINE,6,6,"{""docente-A"":2}","{""docente-A"":1,""docente-B"":1}",True,False,PRESERVAR_AMBAS_Y_RESOLVER_MANUALMENTE
7,M2,EDICION_CONCURRENTE_OFFLINE,6,6,N/A,N/A,True,False,BLOQUEO_INTERVENCION_MANUAL
7,M3,EDICION_CONCURRENTE_OFFLINE,6,6,"{""docente-A"":2}","{""docente-A"":1,""docente-B"":1}",True,False,PRESERVAR_AMBAS_Y_RESOLVER_MANUALMENTE
8,M2,EDICION_CONCURRENTE_OFFLINE,6,6,N/A,N/A,True,False,BLOQUEO_INTERVENCION_MANUAL
8,M3,EDICION_CONCURRENTE_OFFLINE,6,6,"{""docente-A"":2}","{""docente-A"":1,""docente-B"":1}",True,False,PRESERVAR_AMBAS_Y_RESOLVER_MANUALMENTE
9,M2,EDICION_CONCURRENTE_OFFLINE,6,6,N/A,N/A,True,False,BLOQUEO_INTERVENCION_MANUAL
9,M3,EDICION_CONCURRENTE_OFFLINE,6,6,"{""docente-A"":2}","{""docente-A"":1,""docente-B"":1}",True,False,PRESERVAR_AMBAS_Y_RESOLVER_MANUALMENTE
10,M2,EDICION_CONCURRENTE_OFFLINE,6,6,N/A,N/A,True,False,BLOQUEO_INTERVENCION_MANUAL
10,M3,EDICION_CONCURRENTE_OFFLINE,6,6,"{""docente-A"":2}","{""docente-A"":1,""docente-B"":1}",True,False,PRESERVAR_AMBAS_Y_RESOLVER_MANUALMENTE
11,M2,EDICION_CONCURRENTE_OFFLINE,6,6,N/A,N/A,True,False,BLOQUEO_INTERVENCION_MANUAL
11,M3,EDICION_CONCURRENTE_OFFLINE,6,6,"{""docente-A"":2}","{""docente-A"":1,""docente-B"":1}",True,False,PRESERVAR_AMBAS_Y_RESOLVER_MANUALMENTE
12,M2,EDICION_CONCURRENTE_OFFLINE,6,6,N/A,N/A,True,False,BLOQUEO_INTERVENCION_MANUAL
12,M3,EDICION_CONCURRENTE_OFFLINE,6,6,"{""docente-A"":2}","{""docente-A"":1,""docente-B"":1}",True,False,PRESERVAR_AMBAS_Y_RESOLVER_MANUALMENTE
13,M2,EDICION_CONCURRENTE_OFFLINE,6,6,N/A,N/A,True,False,BLOQUEO_INTERVENCION_MANUAL
13,M3,EDICION_CONCURRENTE_OFFLINE,6,6,"{""docente-A"":2}","{""docente-A"":1,""docente-B"":1}",True,False,PRESERVAR_AMBAS_Y_RESOLVER_MANUALMENTE
14,M2,EDICION_CONCURRENTE_OFFLINE,6,6,N/A,N/A,True,False,BLOQUEO_INTERVENCION_MANUAL
14,M3,EDICION_CONCURRENTE_OFFLINE,6,6,"{""docente-A"":2}","{""docente-A"":1,""docente-B"":1}",True,False,PRESERVAR_AMBAS_Y_RESOLVER_MANUALMENTE
15,M2,EDICION_CONCURRENTE_OFFLINE,6,6,N/A,N/A,True,False,BLOQUEO_INTERVENCION_MANUAL
15,M3,EDICION_CONCURRENTE_OFFLINE,6,6,"{""docente-A"":2}","{""docente-A"":1,""docente-B"":1}",True,False,PRESERVAR_AMBAS_Y_RESOLVER_MANUALMENTE
16,M2,EDICION_CONCURRENTE_OFFLINE,6,6,N/A,N/A,True,False,BLOQUEO_INTERVENCION_MANUAL
16,M3,EDICION_CONCURRENTE_OFFLINE,6,6,"{""docente-A"":2}","{""docente-A"":1,""docente-B"":1}",True,False,PRESERVAR_AMBAS_Y_RESOLVER_MANUALMENTE
17,M2,EDICION_CONCURRENTE_OFFLINE,6,6,N/A,N/A,True,False,BLOQUEO_INTERVENCION_MANUAL
17,M3,EDICION_CONCURRENTE_OFFLINE,6,6,"{""docente-A"":2}","{""docente-A"":1,""docente-B"":1}",True,False,PRESERVAR_AMBAS_Y_RESOLVER_MANUALMENTE
18,M2,EDICION_CONCURRENTE_OFFLINE,6,6,N/A,N/A,True,False,BLOQUEO_INTERVENCION_MANUAL
18,M3,EDICION_CONCURRENTE_OFFLINE,6,6,"{""docente-A"":2}","{""docente-A"":1,""docente-B"":1}",True,False,PRESERVAR_AMBAS_Y_RESOLVER_MANUALMENTE
19,M2,EDICION_CONCURRENTE_OFFLINE,6,6,N/A,N/A,True,False,BLOQUEO_INTERVENCION_MANUAL
19,M3,EDICION_CONCURRENTE_OFFLINE,6,6,"{""docente-A"":2}","{""docente-A"":1,""docente-B"":1}",True,False,PRESERVAR_AMBAS_Y_RESOLVER_MANUALMENTE
20,M2,EDICION_CONCURRENTE_OFFLINE,6,6,N/A,N/A,True,False,BLOQUEO_INTERVENCION_MANUAL
20,M3,EDICION_CONCURRENTE_OFFLINE,6,6,"{""docente-A"":2}","{""docente-A"":1,""docente-B"":1}",True,False,PRESERVAR_AMBAS_Y_RESOLVER_MANUALMENTE
21,M2,EDICION_CONCURRENTE_OFFLINE,6,6,N/A,N/A,True,False,BLOQUEO_INTERVENCION_MANUAL
21,M3,EDICION_CONCURRENTE_OFFLINE,6,6,"{""docente-A"":2}","{""docente-A"":1,""docente-B"":1}",True,False,PRESERVAR_AMBAS_Y_RESOLVER_MANUALMENTE
22,M2,EDICION_CONCURRENTE_OFFLINE,6,6,N/A,N/A,True,False,BLOQUEO_INTERVENCION_MANUAL
22,M3,EDICION_CONCURRENTE_OFFLINE,6,6,"{""docente-A"":2}","{""docente-A"":1,""docente-B"":1}",True,False,PRESERVAR_AMBAS_Y_RESOLVER_MANUALMENTE
23,M2,EDICION_CONCURRENTE_OFFLINE,6,6,N/A,N/A,True,False,BLOQUEO_INTERVENCION_MANUAL
23,M3,EDICION_CONCURRENTE_OFFLINE,6,6,"{""docente-A"":2}","{""docente-A"":1,""docente-B"":1}",True,False,PRESERVAR_AMBAS_Y_RESOLVER_MANUALMENTE
24,M2,EDICION_CONCURRENTE_OFFLINE,6,6,N/A,N/A,True,False,BLOQUEO_INTERVENCION_MANUAL
24,M3,EDICION_CONCURRENTE_OFFLINE,6,6,"{""docente-A"":2}","{""docente-A"":1,""docente-B"":1}",True,False,PRESERVAR_AMBAS_Y_RESOLVER_MANUALMENTE
25,M2,EDICION_CONCURRENTE_OFFLINE,6,6,N/A,N/A,True,False,BLOQUEO_INTERVENCION_MANUAL
25,M3,EDICION_CONCURRENTE_OFFLINE,6,6,"{""docente-A"":2}","{""docente-A"":1,""docente-B"":1}",True,False,PRESERVAR_AMBAS_Y_RESOLVER_MANUALMENTE
26,M2,EDICION_CONCURRENTE_OFFLINE,6,6,N/A,N/A,True,False,BLOQUEO_INTERVENCION_MANUAL
26,M3,EDICION_CONCURRENTE_OFFLINE,6,6,"{""docente-A"":2}","{""docente-A"":1,""docente-B"":1}",True,False,PRESERVAR_AMBAS_Y_RESOLVER_MANUALMENTE
27,M2,EDICION_CONCURRENTE_OFFLINE,6,6,N/A,N/A,True,False,BLOQUEO_INTERVENCION_MANUAL
27,M3,EDICION_CONCURRENTE_OFFLINE,6,6,"{""docente-A"":2}","{""docente-A"":1,""docente-B"":1}",True,False,PRESERVAR_AMBAS_Y_RESOLVER_MANUALMENTE
28,M2,EDICION_CONCURRENTE_OFFLINE,6,6,N/A,N/A,True,False,BLOQUEO_INTERVENCION_MANUAL
28,M3,EDICION_CONCURRENTE_OFFLINE,6,6,"{""docente-A"":2}","{""docente-A"":1,""docente-B"":1}",True,False,PRESERVAR_AMBAS_Y_RESOLVER_MANUALMENTE
29,M2,EDICION_CONCURRENTE_OFFLINE,6,6,N/A,N/A,True,False,BLOQUEO_INTERVENCION_MANUAL
29,M3,EDICION_CONCURRENTE_OFFLINE,6,6,"{""docente-A"":2}","{""docente-A"":1,""docente-B"":1}",True,False,PRESERVAR_AMBAS_Y_RESOLVER_MANUALMENTE
30,M2,EDICION_CONCURRENTE_OFFLINE,6,6,N/A,N/A,True,False,BLOQUEO_INTERVENCION_MANUAL
30,M3,EDICION_CONCURRENTE_OFFLINE,6,6,"{""docente-A"":2}","{""docente-A"":1,""docente-B"":1}",True,False,PRESERVAR_AMBAS_Y_RESOLVER_MANUALMENTE
