id_corrida,id_evento,docente_id,estudiante_id,mecanismo,tipo_ataque,campo_alterado,valor_original,valor_adulterado,detectado,regla_violada,tiempo_deteccion_us
1,26,12,26,M0,T1,calificacion_tabla_bd,7.8,9.3,False,SIN_PROTECCION_CRIPTOGRAFICA,0.0
2,26,12,26,M0,T2,payload_bitacora,7.8,PAYLOAD_ALTERADO_10.00,False,SIN_PROTECCION_CRIPTOGRAFICA,0.0
3,31,3,31,M0,T3,reloj_lamport,7.95,LAMPORT_21,False,SIN_PROTECCION_CRIPTOGRAFICA,0.0
4,28,14,28,M0,T4,cadena_hash_truncada,8.8,EVENTO_ELIMINADO,False,SIN_PROTECCION_CRIPTOGRAFICA,0.0
5,30,2,30,M0,T5,timestamp_evento,9.2,TIMESTAMP_RETROACTIVO,False,SIN_PROTECCION_CRIPTOGRAFICA,0.0
6,24,10,24,M0,T1,calificacion_tabla_bd,9.15,10.0,False,SIN_PROTECCION_CRIPTOGRAFICA,0.0
7,30,2,30,M0,T2,payload_bitacora,9.2,PAYLOAD_ALTERADO_10.00,False,SIN_PROTECCION_CRIPTOGRAFICA,0.0
8,32,4,32,M0,T3,reloj_lamport,8.45,LAMPORT_22,False,SIN_PROTECCION_CRIPTOGRAFICA,0.0
9,32,4,32,M0,T4,cadena_hash_truncada,8.45,EVENTO_ELIMINADO,False,SIN_PROTECCION_CRIPTOGRAFICA,0.0
10,30,2,30,M0,T5,timestamp_evento,9.2,TIMESTAMP_RETROACTIVO,False,SIN_PROTECCION_CRIPTOGRAFICA,0.0
11,33,5,33,M0,T1,calificacion_tabla_bd,8.35,9.85,False,SIN_PROTECCION_CRIPTOGRAFICA,0.0
12,24,10,24,M0,T2,payload_bitacora,9.15,PAYLOAD_ALTERADO_10.00,False,SIN_PROTECCION_CRIPTOGRAFICA,0.0
13,29,1,29,M0,T3,reloj_lamport,8.7,LAMPORT_19,False,SIN_PROTECCION_CRIPTOGRAFICA,0.0
14,28,14,28,M0,T4,cadena_hash_truncada,8.8,EVENTO_ELIMINADO,False,SIN_PROTECCION_CRIPTOGRAFICA,0.0
15,31,3,31,M0,T5,timestamp_evento,7.95,TIMESTAMP_RETROACTIVO,False,SIN_PROTECCION_CRIPTOGRAFICA,0.0
16,27,13,27,M0,T1,calificacion_tabla_bd,8.3,9.8,False,SIN_PROTECCION_CRIPTOGRAFICA,0.0
17,30,2,30,M0,T2,payload_bitacora,9.2,PAYLOAD_ALTERADO_10.00,False,SIN_PROTECCION_CRIPTOGRAFICA,0.0
18,27,13,27,M0,T3,reloj_lamport,8.3,LAMPORT_17,False,SIN_PROTECCION_CRIPTOGRAFICA,0.0
19,33,5,33,M0,T4,cadena_hash_truncada,8.35,EVENTO_ELIMINADO,False,SIN_PROTECCION_CRIPTOGRAFICA,0.0
20,31,3,31,M0,T5,timestamp_evento,7.95,TIMESTAMP_RETROACTIVO,False,SIN_PROTECCION_CRIPTOGRAFICA,0.0
21,25,11,25,M0,T1,calificacion_tabla_bd,9.05,10.0,False,SIN_PROTECCION_CRIPTOGRAFICA,0.0
22,27,13,27,M0,T2,payload_bitacora,8.3,PAYLOAD_ALTERADO_10.00,False,SIN_PROTECCION_CRIPTOGRAFICA,0.0
23,32,4,32,M0,T3,reloj_lamport,8.45,LAMPORT_22,False,SIN_PROTECCION_CRIPTOGRAFICA,0.0
24,29,1,29,M0,T4,cadena_hash_truncada,8.7,EVENTO_ELIMINADO,False,SIN_PROTECCION_CRIPTOGRAFICA,0.0
25,24,10,24,M0,T5,timestamp_evento,9.15,TIMESTAMP_RETROACTIVO,False,SIN_PROTECCION_CRIPTOGRAFICA,0.0
26,25,11,25,M0,T1,calificacion_tabla_bd,9.05,10.0,False,SIN_PROTECCION_CRIPTOGRAFICA,0.0
27,25,11,25,M0,T2,payload_bitacora,9.05,PAYLOAD_ALTERADO_10.00,False,SIN_PROTECCION_CRIPTOGRAFICA,0.0
28,33,5,33,M0,T3,reloj_lamport,8.35,LAMPORT_23,False,SIN_PROTECCION_CRIPTOGRAFICA,0.0
29,27,13,27,M0,T4,cadena_hash_truncada,8.3,EVENTO_ELIMINADO,False,SIN_PROTECCION_CRIPTOGRAFICA,0.0
30,23,9,23,M0,T5,timestamp_evento,8.65,TIMESTAMP_RETROACTIVO,False,SIN_PROTECCION_CRIPTOGRAFICA,0.0
31,26,12,26,M0,T1,calificacion_tabla_bd,7.8,9.3,False,SIN_PROTECCION_CRIPTOGRAFICA,0.0
32,32,4,32,M0,T2,payload_bitacora,8.45,PAYLOAD_ALTERADO_10.00,False,SIN_PROTECCION_CRIPTOGRAFICA,0.0
33,33,5,33,M0,T3,reloj_lamport,8.35,LAMPORT_23,False,SIN_PROTECCION_CRIPTOGRAFICA,0.0
34,28,14,28,M0,T4,cadena_hash_truncada,8.8,EVENTO_ELIMINADO,False,SIN_PROTECCION_CRIPTOGRAFICA,0.0
35,25,11,25,M0,T5,timestamp_evento,9.05,TIMESTAMP_RETROACTIVO,False,SIN_PROTECCION_CRIPTOGRAFICA,0.0
36,30,2,30,M0,T1,calificacion_tabla_bd,9.2,10.0,False,SIN_PROTECCION_CRIPTOGRAFICA,0.0
37,29,1,29,M0,T2,payload_bitacora,8.7,PAYLOAD_ALTERADO_10.00,False,SIN_PROTECCION_CRIPTOGRAFICA,0.0
38,25,11,25,M0,T3,reloj_lamport,9.05,LAMPORT_15,False,SIN_PROTECCION_CRIPTOGRAFICA,0.0
39,28,14,28,M0,T4,cadena_hash_truncada,8.8,EVENTO_ELIMINADO,False,SIN_PROTECCION_CRIPTOGRAFICA,0.0
40,29,1,29,M0,T5,timestamp_evento,8.7,TIMESTAMP_RETROACTIVO,False,SIN_PROTECCION_CRIPTOGRAFICA,0.0
41,32,4,32,M0,T1,calificacion_tabla_bd,8.45,9.95,False,SIN_PROTECCION_CRIPTOGRAFICA,0.0
42,28,14,28,M0,T2,payload_bitacora,8.8,PAYLOAD_ALTERADO_10.00,False,SIN_PROTECCION_CRIPTOGRAFICA,0.0
43,30,2,30,M0,T3,reloj_lamport,9.2,LAMPORT_20,False,SIN_PROTECCION_CRIPTOGRAFICA,0.0
44,32,4,32,M0,T4,cadena_hash_truncada,8.45,EVENTO_ELIMINADO,False,SIN_PROTECCION_CRIPTOGRAFICA,0.0
45,26,12,26,M0,T5,timestamp_evento,7.8,TIMESTAMP_RETROACTIVO,False,SIN_PROTECCION_CRIPTOGRAFICA,0.0
46,31,3,31,M0,T1,calificacion_tabla_bd,7.95,9.45,False,SIN_PROTECCION_CRIPTOGRAFICA,0.0
47,30,2,30,M0,T2,payload_bitacora,9.2,PAYLOAD_ALTERADO_10.00,False,SIN_PROTECCION_CRIPTOGRAFICA,0.0
48,28,14,28,M0,T3,reloj_lamport,8.8,LAMPORT_18,False,SIN_PROTECCION_CRIPTOGRAFICA,0.0
49,28,14,28,M0,T4,cadena_hash_truncada,8.8,EVENTO_ELIMINADO,False,SIN_PROTECCION_CRIPTOGRAFICA,0.0
50,27,13,27,M0,T5,timestamp_evento,8.3,TIMESTAMP_RETROACTIVO,False,SIN_PROTECCION_CRIPTOGRAFICA,0.0
51,33,5,33,M0,T1,calificacion_tabla_bd,8.35,9.85,False,SIN_PROTECCION_CRIPTOGRAFICA,0.0
52,33,5,33,M0,T2,payload_bitacora,8.35,PAYLOAD_ALTERADO_10.00,False,SIN_PROTECCION_CRIPTOGRAFICA,0.0
53,33,5,33,M0,T3,reloj_lamport,8.35,LAMPORT_23,False,SIN_PROTECCION_CRIPTOGRAFICA,0.0
54,30,2,30,M0,T4,cadena_hash_truncada,9.2,EVENTO_ELIMINADO,False,SIN_PROTECCION_CRIPTOGRAFICA,0.0
55,27,13,27,M0,T5,timestamp_evento,8.3,TIMESTAMP_RETROACTIVO,False,SIN_PROTECCION_CRIPTOGRAFICA,0.0
56,24,10,24,M0,T1,calificacion_tabla_bd,9.15,10.0,False,SIN_PROTECCION_CRIPTOGRAFICA,0.0
57,33,5,33,M0,T2,payload_bitacora,8.35,PAYLOAD_ALTERADO_10.00,False,SIN_PROTECCION_CRIPTOGRAFICA,0.0
58,25,11,25,M0,T3,reloj_lamport,9.05,LAMPORT_15,False,SIN_PROTECCION_CRIPTOGRAFICA,0.0
59,27,13,27,M0,T4,cadena_hash_truncada,8.3,EVENTO_ELIMINADO,False,SIN_PROTECCION_CRIPTOGRAFICA,0.0
60,29,1,29,M0,T5,timestamp_evento,8.7,TIMESTAMP_RETROACTIVO,False,SIN_PROTECCION_CRIPTOGRAFICA,0.0
61,28,14,28,M0,T1,calificacion_tabla_bd,8.8,10.0,False,SIN_PROTECCION_CRIPTOGRAFICA,0.0
62,24,10,24,M0,T2,payload_bitacora,9.15,PAYLOAD_ALTERADO_10.00,False,SIN_PROTECCION_CRIPTOGRAFICA,0.0
63,23,9,23,M0,T3,reloj_lamport,8.65,LAMPORT_13,False,SIN_PROTECCION_CRIPTOGRAFICA,0.0
64,28,14,28,M0,T4,cadena_hash_truncada,8.8,EVENTO_ELIMINADO,False,SIN_PROTECCION_CRIPTOGRAFICA,0.0
65,29,1,29,M0,T5,timestamp_evento,8.7,TIMESTAMP_RETROACTIVO,False,SIN_PROTECCION_CRIPTOGRAFICA,0.0
66,31,3,31,M0,T1,calificacion_tabla_bd,7.95,9.45,False,SIN_PROTECCION_CRIPTOGRAFICA,0.0
67,25,11,25,M0,T2,payload_bitacora,9.05,PAYLOAD_ALTERADO_10.00,False,SIN_PROTECCION_CRIPTOGRAFICA,0.0
68,31,3,31,M0,T3,reloj_lamport,7.95,LAMPORT_21,False,SIN_PROTECCION_CRIPTOGRAFICA,0.0
69,31,3,31,M0,T4,cadena_hash_truncada,7.95,EVENTO_ELIMINADO,False,SIN_PROTECCION_CRIPTOGRAFICA,0.0
70,25,11,25,M0,T5,timestamp_evento,9.05,TIMESTAMP_RETROACTIVO,False,SIN_PROTECCION_CRIPTOGRAFICA,0.0
71,27,13,27,M0,T1,calificacion_tabla_bd,8.3,9.8,False,SIN_PROTECCION_CRIPTOGRAFICA,0.0
72,26,12,26,M0,T2,payload_bitacora,7.8,PAYLOAD_ALTERADO_10.00,False,SIN_PROTECCION_CRIPTOGRAFICA,0.0
73,30,2,30,M0,T3,reloj_lamport,9.2,LAMPORT_20,False,SIN_PROTECCION_CRIPTOGRAFICA,0.0
74,32,4,32,M0,T4,cadena_hash_truncada,8.45,EVENTO_ELIMINADO,False,SIN_PROTECCION_CRIPTOGRAFICA,0.0
75,24,10,24,M0,T5,timestamp_evento,9.15,TIMESTAMP_RETROACTIVO,False,SIN_PROTECCION_CRIPTOGRAFICA,0.0
76,32,4,32,M0,T1,calificacion_tabla_bd,8.45,9.95,False,SIN_PROTECCION_CRIPTOGRAFICA,0.0
77,28,14,28,M0,T2,payload_bitacora,8.8,PAYLOAD_ALTERADO_10.00,False,SIN_PROTECCION_CRIPTOGRAFICA,0.0
78,31,3,31,M0,T3,reloj_lamport,7.95,LAMPORT_21,False,SIN_PROTECCION_CRIPTOGRAFICA,0.0
79,30,2,30,M0,T4,cadena_hash_truncada,9.2,EVENTO_ELIMINADO,False,SIN_PROTECCION_CRIPTOGRAFICA,0.0
80,26,12,26,M0,T5,timestamp_evento,7.8,TIMESTAMP_RETROACTIVO,False,SIN_PROTECCION_CRIPTOGRAFICA,0.0
81,29,1,29,M0,T1,calificacion_tabla_bd,8.7,10.0,False,SIN_PROTECCION_CRIPTOGRAFICA,0.0
82,30,2,30,M0,T2,payload_bitacora,9.2,PAYLOAD_ALTERADO_10.00,False,SIN_PROTECCION_CRIPTOGRAFICA,0.0
83,33,5,33,M0,T3,reloj_lamport,8.35,LAMPORT_23,False,SIN_PROTECCION_CRIPTOGRAFICA,0.0
84,24,10,24,M0,T4,cadena_hash_truncada,9.15,EVENTO_ELIMINADO,False,SIN_PROTECCION_CRIPTOGRAFICA,0.0
85,28,14,28,M0,T5,timestamp_evento,8.8,TIMESTAMP_RETROACTIVO,False,SIN_PROTECCION_CRIPTOGRAFICA,0.0
86,25,11,25,M0,T1,calificacion_tabla_bd,9.05,10.0,False,SIN_PROTECCION_CRIPTOGRAFICA,0.0
87,30,2,30,M0,T2,payload_bitacora,9.2,PAYLOAD_ALTERADO_10.00,False,SIN_PROTECCION_CRIPTOGRAFICA,0.0
88,33,5,33,M0,T3,reloj_lamport,8.35,LAMPORT_23,False,SIN_PROTECCION_CRIPTOGRAFICA,0.0
89,33,5,33,M0,T4,cadena_hash_truncada,8.35,EVENTO_ELIMINADO,False,SIN_PROTECCION_CRIPTOGRAFICA,0.0
90,32,4,32,M0,T5,timestamp_evento,8.45,TIMESTAMP_RETROACTIVO,False,SIN_PROTECCION_CRIPTOGRAFICA,0.0
91,23,9,23,M0,T1,calificacion_tabla_bd,8.65,10.0,False,SIN_PROTECCION_CRIPTOGRAFICA,0.0
92,26,12,26,M0,T2,payload_bitacora,7.8,PAYLOAD_ALTERADO_10.00,False,SIN_PROTECCION_CRIPTOGRAFICA,0.0
93,25,11,25,M0,T3,reloj_lamport,9.05,LAMPORT_15,False,SIN_PROTECCION_CRIPTOGRAFICA,0.0
94,31,3,31,M0,T4,cadena_hash_truncada,7.95,EVENTO_ELIMINADO,False,SIN_PROTECCION_CRIPTOGRAFICA,0.0
95,33,5,33,M0,T5,timestamp_evento,8.35,TIMESTAMP_RETROACTIVO,False,SIN_PROTECCION_CRIPTOGRAFICA,0.0
96,23,9,23,M0,T1,calificacion_tabla_bd,8.65,10.0,False,SIN_PROTECCION_CRIPTOGRAFICA,0.0
97,29,1,29,M0,T2,payload_bitacora,8.7,PAYLOAD_ALTERADO_10.00,False,SIN_PROTECCION_CRIPTOGRAFICA,0.0
98,23,9,23,M0,T3,reloj_lamport,8.65,LAMPORT_13,False,SIN_PROTECCION_CRIPTOGRAFICA,0.0
99,24,10,24,M0,T4,cadena_hash_truncada,9.15,EVENTO_ELIMINADO,False,SIN_PROTECCION_CRIPTOGRAFICA,0.0
100,25,11,25,M0,T5,timestamp_evento,9.05,TIMESTAMP_RETROACTIVO,False,SIN_PROTECCION_CRIPTOGRAFICA,0.0
101,27,13,27,M0,T1,calificacion_tabla_bd,8.3,9.8,False,SIN_PROTECCION_CRIPTOGRAFICA,0.0
102,32,4,32,M0,T2,payload_bitacora,8.45,PAYLOAD_ALTERADO_10.00,False,SIN_PROTECCION_CRIPTOGRAFICA,0.0
103,31,3,31,M0,T3,reloj_lamport,7.95,LAMPORT_21,False,SIN_PROTECCION_CRIPTOGRAFICA,0.0
104,30,2,30,M0,T4,cadena_hash_truncada,9.2,EVENTO_ELIMINADO,False,SIN_PROTECCION_CRIPTOGRAFICA,0.0
105,31,3,31,M0,T5,timestamp_evento,7.95,TIMESTAMP_RETROACTIVO,False,SIN_PROTECCION_CRIPTOGRAFICA,0.0
106,27,13,27,M0,T1,calificacion_tabla_bd,8.3,9.8,False,SIN_PROTECCION_CRIPTOGRAFICA,0.0
107,24,10,24,M0,T2,payload_bitacora,9.15,PAYLOAD_ALTERADO_10.00,False,SIN_PROTECCION_CRIPTOGRAFICA,0.0
108,33,5,33,M0,T3,reloj_lamport,8.35,LAMPORT_23,False,SIN_PROTECCION_CRIPTOGRAFICA,0.0
109,31,3,31,M0,T4,cadena_hash_truncada,7.95,EVENTO_ELIMINADO,False,SIN_PROTECCION_CRIPTOGRAFICA,0.0
110,28,14,28,M0,T5,timestamp_evento,8.8,TIMESTAMP_RETROACTIVO,False,SIN_PROTECCION_CRIPTOGRAFICA,0.0
111,32,4,32,M0,T1,calificacion_tabla_bd,8.45,9.95,False,SIN_PROTECCION_CRIPTOGRAFICA,0.0
112,24,10,24,M0,T2,payload_bitacora,9.15,PAYLOAD_ALTERADO_10.00,False,SIN_PROTECCION_CRIPTOGRAFICA,0.0
113,30,2,30,M0,T3,reloj_lamport,9.2,LAMPORT_20,False,SIN_PROTECCION_CRIPTOGRAFICA,0.0
114,27,13,27,M0,T4,cadena_hash_truncada,8.3,EVENTO_ELIMINADO,False,SIN_PROTECCION_CRIPTOGRAFICA,0.0
115,25,11,25,M0,T5,timestamp_evento,9.05,TIMESTAMP_RETROACTIVO,False,SIN_PROTECCION_CRIPTOGRAFICA,0.0
116,31,3,31,M0,T1,calificacion_tabla_bd,7.95,9.45,False,SIN_PROTECCION_CRIPTOGRAFICA,0.0
117,32,4,32,M0,T2,payload_bitacora,8.45,PAYLOAD_ALTERADO_10.00,False,SIN_PROTECCION_CRIPTOGRAFICA,0.0
118,31,3,31,M0,T3,reloj_lamport,7.95,LAMPORT_21,False,SIN_PROTECCION_CRIPTOGRAFICA,0.0
119,28,14,28,M0,T4,cadena_hash_truncada,8.8,EVENTO_ELIMINADO,False,SIN_PROTECCION_CRIPTOGRAFICA,0.0
120,24,10,24,M0,T5,timestamp_evento,9.15,TIMESTAMP_RETROACTIVO,False,SIN_PROTECCION_CRIPTOGRAFICA,0.0
121,33,5,33,M0,T1,calificacion_tabla_bd,8.35,9.85,False,SIN_PROTECCION_CRIPTOGRAFICA,0.0
122,26,12,26,M0,T2,payload_bitacora,7.8,PAYLOAD_ALTERADO_10.00,False,SIN_PROTECCION_CRIPTOGRAFICA,0.0
123,24,10,24,M0,T3,reloj_lamport,9.15,LAMPORT_14,False,SIN_PROTECCION_CRIPTOGRAFICA,0.0
124,29,1,29,M0,T4,cadena_hash_truncada,8.7,EVENTO_ELIMINADO,False,SIN_PROTECCION_CRIPTOGRAFICA,0.0
125,24,10,24,M0,T5,timestamp_evento,9.15,TIMESTAMP_RETROACTIVO,False,SIN_PROTECCION_CRIPTOGRAFICA,0.0
126,28,14,28,M0,T1,calificacion_tabla_bd,8.8,10.0,False,SIN_PROTECCION_CRIPTOGRAFICA,0.0
127,25,11,25,M0,T2,payload_bitacora,9.05,PAYLOAD_ALTERADO_10.00,False,SIN_PROTECCION_CRIPTOGRAFICA,0.0
128,24,10,24,M0,T3,reloj_lamport,9.15,LAMPORT_14,False,SIN_PROTECCION_CRIPTOGRAFICA,0.0
129,26,12,26,M0,T4,cadena_hash_truncada,7.8,EVENTO_ELIMINADO,False,SIN_PROTECCION_CRIPTOGRAFICA,0.0
130,32,4,32,M0,T5,timestamp_evento,8.45,TIMESTAMP_RETROACTIVO,False,SIN_PROTECCION_CRIPTOGRAFICA,0.0
131,31,3,31,M0,T1,calificacion_tabla_bd,7.95,9.45,False,SIN_PROTECCION_CRIPTOGRAFICA,0.0
132,33,5,33,M0,T2,payload_bitacora,8.35,PAYLOAD_ALTERADO_10.00,False,SIN_PROTECCION_CRIPTOGRAFICA,0.0
133,32,4,32,M0,T3,reloj_lamport,8.45,LAMPORT_22,False,SIN_PROTECCION_CRIPTOGRAFICA,0.0
134,32,4,32,M0,T4,cadena_hash_truncada,8.45,EVENTO_ELIMINADO,False,SIN_PROTECCION_CRIPTOGRAFICA,0.0
135,30,2,30,M0,T5,timestamp_evento,9.2,TIMESTAMP_RETROACTIVO,False,SIN_PROTECCION_CRIPTOGRAFICA,0.0
136,33,5,33,M0,T1,calificacion_tabla_bd,8.35,9.85,False,SIN_PROTECCION_CRIPTOGRAFICA,0.0
137,28,14,28,M0,T2,payload_bitacora,8.8,PAYLOAD_ALTERADO_10.00,False,SIN_PROTECCION_CRIPTOGRAFICA,0.0
138,28,14,28,M0,T3,reloj_lamport,8.8,LAMPORT_18,False,SIN_PROTECCION_CRIPTOGRAFICA,0.0
139,28,14,28,M0,T4,cadena_hash_truncada,8.8,EVENTO_ELIMINADO,False,SIN_PROTECCION_CRIPTOGRAFICA,0.0
140,31,3,31,M0,T5,timestamp_evento,7.95,TIMESTAMP_RETROACTIVO,False,SIN_PROTECCION_CRIPTOGRAFICA,0.0
141,30,2,30,M0,T1,calificacion_tabla_bd,9.2,10.0,False,SIN_PROTECCION_CRIPTOGRAFICA,0.0
142,30,2,30,M0,T2,payload_bitacora,9.2,PAYLOAD_ALTERADO_10.00,False,SIN_PROTECCION_CRIPTOGRAFICA,0.0
143,30,2,30,M0,T3,reloj_lamport,9.2,LAMPORT_20,False,SIN_PROTECCION_CRIPTOGRAFICA,0.0
144,29,1,29,M0,T4,cadena_hash_truncada,8.7,EVENTO_ELIMINADO,False,SIN_PROTECCION_CRIPTOGRAFICA,0.0
145,29,1,29,M0,T5,timestamp_evento,8.7,TIMESTAMP_RETROACTIVO,False,SIN_PROTECCION_CRIPTOGRAFICA,0.0
146,27,13,27,M0,T1,calificacion_tabla_bd,8.3,9.8,False,SIN_PROTECCION_CRIPTOGRAFICA,0.0
147,28,14,28,M0,T2,payload_bitacora,8.8,PAYLOAD_ALTERADO_10.00,False,SIN_PROTECCION_CRIPTOGRAFICA,0.0
148,29,1,29,M0,T3,reloj_lamport,8.7,LAMPORT_19,False,SIN_PROTECCION_CRIPTOGRAFICA,0.0
149,29,1,29,M0,T4,cadena_hash_truncada,8.7,EVENTO_ELIMINADO,False,SIN_PROTECCION_CRIPTOGRAFICA,0.0
150,32,4,32,M0,T5,timestamp_evento,8.45,TIMESTAMP_RETROACTIVO,False,SIN_PROTECCION_CRIPTOGRAFICA,0.0
151,29,1,29,M1,T1,calificacion_tabla_bd,8.7,10.0,False,SIN_PROTECCION_CRIPTOGRAFICA,0.0
152,25,11,25,M1,T2,payload_bitacora,9.05,PAYLOAD_ALTERADO_10.00,False,SIN_PROTECCION_CRIPTOGRAFICA,0.0
153,31,3,31,M1,T3,reloj_lamport,7.95,LAMPORT_21,False,SIN_PROTECCION_CRIPTOGRAFICA,0.0
154,31,3,31,M1,T4,cadena_hash_truncada,7.95,EVENTO_ELIMINADO,False,SIN_PROTECCION_CRIPTOGRAFICA,0.0
155,29,1,29,M1,T5,timestamp_evento,8.7,TIMESTAMP_RETROACTIVO,False,SIN_PROTECCION_CRIPTOGRAFICA,0.0
156,24,10,24,M1,T1,calificacion_tabla_bd,9.15,10.0,False,SIN_PROTECCION_CRIPTOGRAFICA,0.0
157,23,9,23,M1,T2,payload_bitacora,8.65,PAYLOAD_ALTERADO_10.00,False,SIN_PROTECCION_CRIPTOGRAFICA,0.0
158,31,3,31,M1,T3,reloj_lamport,7.95,LAMPORT_21,False,SIN_PROTECCION_CRIPTOGRAFICA,0.0
159,28,14,28,M1,T4,cadena_hash_truncada,8.8,EVENTO_ELIMINADO,False,SIN_PROTECCION_CRIPTOGRAFICA,0.0
160,23,9,23,M1,T5,timestamp_evento,8.65,TIMESTAMP_RETROACTIVO,False,SIN_PROTECCION_CRIPTOGRAFICA,0.0
161,31,3,31,M1,T1,calificacion_tabla_bd,7.95,9.45,False,SIN_PROTECCION_CRIPTOGRAFICA,0.0
162,30,2,30,M1,T2,payload_bitacora,9.2,PAYLOAD_ALTERADO_10.00,False,SIN_PROTECCION_CRIPTOGRAFICA,0.0
163,24,10,24,M1,T3,reloj_lamport,9.15,LAMPORT_14,False,SIN_PROTECCION_CRIPTOGRAFICA,0.0
164,33,5,33,M1,T4,cadena_hash_truncada,8.35,EVENTO_ELIMINADO,False,SIN_PROTECCION_CRIPTOGRAFICA,0.0
165,31,3,31,M1,T5,timestamp_evento,7.95,TIMESTAMP_RETROACTIVO,False,SIN_PROTECCION_CRIPTOGRAFICA,0.0
166,27,13,27,M1,T1,calificacion_tabla_bd,8.3,9.8,False,SIN_PROTECCION_CRIPTOGRAFICA,0.0
167,28,14,28,M1,T2,payload_bitacora,8.8,PAYLOAD_ALTERADO_10.00,False,SIN_PROTECCION_CRIPTOGRAFICA,0.0
168,24,10,24,M1,T3,reloj_lamport,9.15,LAMPORT_14,False,SIN_PROTECCION_CRIPTOGRAFICA,0.0
169,28,14,28,M1,T4,cadena_hash_truncada,8.8,EVENTO_ELIMINADO,False,SIN_PROTECCION_CRIPTOGRAFICA,0.0
170,33,5,33,M1,T5,timestamp_evento,8.35,TIMESTAMP_RETROACTIVO,False,SIN_PROTECCION_CRIPTOGRAFICA,0.0
171,26,12,26,M1,T1,calificacion_tabla_bd,7.8,9.3,False,SIN_PROTECCION_CRIPTOGRAFICA,0.0
172,27,13,27,M1,T2,payload_bitacora,8.3,PAYLOAD_ALTERADO_10.00,False,SIN_PROTECCION_CRIPTOGRAFICA,0.0
173,31,3,31,M1,T3,reloj_lamport,7.95,LAMPORT_21,False,SIN_PROTECCION_CRIPTOGRAFICA,0.0
174,33,5,33,M1,T4,cadena_hash_truncada,8.35,EVENTO_ELIMINADO,False,SIN_PROTECCION_CRIPTOGRAFICA,0.0
175,23,9,23,M1,T5,timestamp_evento,8.65,TIMESTAMP_RETROACTIVO,False,SIN_PROTECCION_CRIPTOGRAFICA,0.0
176,25,11,25,M1,T1,calificacion_tabla_bd,9.05,10.0,False,SIN_PROTECCION_CRIPTOGRAFICA,0.0
177,25,11,25,M1,T2,payload_bitacora,9.05,PAYLOAD_ALTERADO_10.00,False,SIN_PROTECCION_CRIPTOGRAFICA,0.0
178,32,4,32,M1,T3,reloj_lamport,8.45,LAMPORT_22,False,SIN_PROTECCION_CRIPTOGRAFICA,0.0
179,24,10,24,M1,T4,cadena_hash_truncada,9.15,EVENTO_ELIMINADO,False,SIN_PROTECCION_CRIPTOGRAFICA,0.0
180,29,1,29,M1,T5,timestamp_evento,8.7,TIMESTAMP_RETROACTIVO,False,SIN_PROTECCION_CRIPTOGRAFICA,0.0
181,25,11,25,M1,T1,calificacion_tabla_bd,9.05,10.0,False,SIN_PROTECCION_CRIPTOGRAFICA,0.0
182,31,3,31,M1,T2,payload_bitacora,7.95,PAYLOAD_ALTERADO_10.00,False,SIN_PROTECCION_CRIPTOGRAFICA,0.0
183,29,1,29,M1,T3,reloj_lamport,8.7,LAMPORT_19,False,SIN_PROTECCION_CRIPTOGRAFICA,0.0
184,25,11,25,M1,T4,cadena_hash_truncada,9.05,EVENTO_ELIMINADO,False,SIN_PROTECCION_CRIPTOGRAFICA,0.0
185,33,5,33,M1,T5,timestamp_evento,8.35,TIMESTAMP_RETROACTIVO,False,SIN_PROTECCION_CRIPTOGRAFICA,0.0
186,25,11,25,M1,T1,calificacion_tabla_bd,9.05,10.0,False,SIN_PROTECCION_CRIPTOGRAFICA,0.0
187,30,2,30,M1,T2,payload_bitacora,9.2,PAYLOAD_ALTERADO_10.00,False,SIN_PROTECCION_CRIPTOGRAFICA,0.0
188,32,4,32,M1,T3,reloj_lamport,8.45,LAMPORT_22,False,SIN_PROTECCION_CRIPTOGRAFICA,0.0
189,26,12,26,M1,T4,cadena_hash_truncada,7.8,EVENTO_ELIMINADO,False,SIN_PROTECCION_CRIPTOGRAFICA,0.0
190,29,1,29,M1,T5,timestamp_evento,8.7,TIMESTAMP_RETROACTIVO,False,SIN_PROTECCION_CRIPTOGRAFICA,0.0
191,26,12,26,M1,T1,calificacion_tabla_bd,7.8,9.3,False,SIN_PROTECCION_CRIPTOGRAFICA,0.0
192,33,5,33,M1,T2,payload_bitacora,8.35,PAYLOAD_ALTERADO_10.00,False,SIN_PROTECCION_CRIPTOGRAFICA,0.0
193,31,3,31,M1,T3,reloj_lamport,7.95,LAMPORT_21,False,SIN_PROTECCION_CRIPTOGRAFICA,0.0
194,32,4,32,M1,T4,cadena_hash_truncada,8.45,EVENTO_ELIMINADO,False,SIN_PROTECCION_CRIPTOGRAFICA,0.0
195,27,13,27,M1,T5,timestamp_evento,8.3,TIMESTAMP_RETROACTIVO,False,SIN_PROTECCION_CRIPTOGRAFICA,0.0
196,28,14,28,M1,T1,calificacion_tabla_bd,8.8,10.0,False,SIN_PROTECCION_CRIPTOGRAFICA,0.0
197,30,2,30,M1,T2,payload_bitacora,9.2,PAYLOAD_ALTERADO_10.00,False,SIN_PROTECCION_CRIPTOGRAFICA,0.0
198,25,11,25,M1,T3,reloj_lamport,9.05,LAMPORT_15,False,SIN_PROTECCION_CRIPTOGRAFICA,0.0
199,33,5,33,M1,T4,cadena_hash_truncada,8.35,EVENTO_ELIMINADO,False,SIN_PROTECCION_CRIPTOGRAFICA,0.0
200,30,2,30,M1,T5,timestamp_evento,9.2,TIMESTAMP_RETROACTIVO,False,SIN_PROTECCION_CRIPTOGRAFICA,0.0
201,29,1,29,M1,T1,calificacion_tabla_bd,8.7,10.0,False,SIN_PROTECCION_CRIPTOGRAFICA,0.0
202,28,14,28,M1,T2,payload_bitacora,8.8,PAYLOAD_ALTERADO_10.00,False,SIN_PROTECCION_CRIPTOGRAFICA,0.0
203,29,1,29,M1,T3,reloj_lamport,8.7,LAMPORT_19,False,SIN_PROTECCION_CRIPTOGRAFICA,0.0
204,24,10,24,M1,T4,cadena_hash_truncada,9.15,EVENTO_ELIMINADO,False,SIN_PROTECCION_CRIPTOGRAFICA,0.0
205,33,5,33,M1,T5,timestamp_evento,8.35,TIMESTAMP_RETROACTIVO,False,SIN_PROTECCION_CRIPTOGRAFICA,0.0
206,31,3,31,M1,T1,calificacion_tabla_bd,7.95,9.45,False,SIN_PROTECCION_CRIPTOGRAFICA,0.0
207,26,12,26,M1,T2,payload_bitacora,7.8,PAYLOAD_ALTERADO_10.00,False,SIN_PROTECCION_CRIPTOGRAFICA,0.0
208,28,14,28,M1,T3,reloj_lamport,8.8,LAMPORT_18,False,SIN_PROTECCION_CRIPTOGRAFICA,0.0
209,25,11,25,M1,T4,cadena_hash_truncada,9.05,EVENTO_ELIMINADO,False,SIN_PROTECCION_CRIPTOGRAFICA,0.0
210,26,12,26,M1,T5,timestamp_evento,7.8,TIMESTAMP_RETROACTIVO,False,SIN_PROTECCION_CRIPTOGRAFICA,0.0
211,24,10,24,M1,T1,calificacion_tabla_bd,9.15,10.0,False,SIN_PROTECCION_CRIPTOGRAFICA,0.0
212,27,13,27,M1,T2,payload_bitacora,8.3,PAYLOAD_ALTERADO_10.00,False,SIN_PROTECCION_CRIPTOGRAFICA,0.0
213,31,3,31,M1,T3,reloj_lamport,7.95,LAMPORT_21,False,SIN_PROTECCION_CRIPTOGRAFICA,0.0
214,30,2,30,M1,T4,cadena_hash_truncada,9.2,EVENTO_ELIMINADO,False,SIN_PROTECCION_CRIPTOGRAFICA,0.0
215,30,2,30,M1,T5,timestamp_evento,9.2,TIMESTAMP_RETROACTIVO,False,SIN_PROTECCION_CRIPTOGRAFICA,0.0
216,25,11,25,M1,T1,calificacion_tabla_bd,9.05,10.0,False,SIN_PROTECCION_CRIPTOGRAFICA,0.0
217,24,10,24,M1,T2,payload_bitacora,9.15,PAYLOAD_ALTERADO_10.00,False,SIN_PROTECCION_CRIPTOGRAFICA,0.0
218,31,3,31,M1,T3,reloj_lamport,7.95,LAMPORT_21,False,SIN_PROTECCION_CRIPTOGRAFICA,0.0
219,25,11,25,M1,T4,cadena_hash_truncada,9.05,EVENTO_ELIMINADO,False,SIN_PROTECCION_CRIPTOGRAFICA,0.0
220,27,13,27,M1,T5,timestamp_evento,8.3,TIMESTAMP_RETROACTIVO,False,SIN_PROTECCION_CRIPTOGRAFICA,0.0
221,27,13,27,M1,T1,calificacion_tabla_bd,8.3,9.8,False,SIN_PROTECCION_CRIPTOGRAFICA,0.0
222,28,14,28,M1,T2,payload_bitacora,8.8,PAYLOAD_ALTERADO_10.00,False,SIN_PROTECCION_CRIPTOGRAFICA,0.0
223,31,3,31,M1,T3,reloj_lamport,7.95,LAMPORT_21,False,SIN_PROTECCION_CRIPTOGRAFICA,0.0
224,33,5,33,M1,T4,cadena_hash_truncada,8.35,EVENTO_ELIMINADO,False,SIN_PROTECCION_CRIPTOGRAFICA,0.0
225,27,13,27,M1,T5,timestamp_evento,8.3,TIMESTAMP_RETROACTIVO,False,SIN_PROTECCION_CRIPTOGRAFICA,0.0
226,27,13,27,M1,T1,calificacion_tabla_bd,8.3,9.8,False,SIN_PROTECCION_CRIPTOGRAFICA,0.0
227,32,4,32,M1,T2,payload_bitacora,8.45,PAYLOAD_ALTERADO_10.00,False,SIN_PROTECCION_CRIPTOGRAFICA,0.0
228,29,1,29,M1,T3,reloj_lamport,8.7,LAMPORT_19,False,SIN_PROTECCION_CRIPTOGRAFICA,0.0
229,29,1,29,M1,T4,cadena_hash_truncada,8.7,EVENTO_ELIMINADO,False,SIN_PROTECCION_CRIPTOGRAFICA,0.0
230,25,11,25,M1,T5,timestamp_evento,9.05,TIMESTAMP_RETROACTIVO,False,SIN_PROTECCION_CRIPTOGRAFICA,0.0
231,29,1,29,M1,T1,calificacion_tabla_bd,8.7,10.0,False,SIN_PROTECCION_CRIPTOGRAFICA,0.0
232,29,1,29,M1,T2,payload_bitacora,8.7,PAYLOAD_ALTERADO_10.00,False,SIN_PROTECCION_CRIPTOGRAFICA,0.0
233,25,11,25,M1,T3,reloj_lamport,9.05,LAMPORT_15,False,SIN_PROTECCION_CRIPTOGRAFICA,0.0
234,28,14,28,M1,T4,cadena_hash_truncada,8.8,EVENTO_ELIMINADO,False,SIN_PROTECCION_CRIPTOGRAFICA,0.0
235,32,4,32,M1,T5,timestamp_evento,8.45,TIMESTAMP_RETROACTIVO,False,SIN_PROTECCION_CRIPTOGRAFICA,0.0
236,29,1,29,M1,T1,calificacion_tabla_bd,8.7,10.0,False,SIN_PROTECCION_CRIPTOGRAFICA,0.0
237,24,10,24,M1,T2,payload_bitacora,9.15,PAYLOAD_ALTERADO_10.00,False,SIN_PROTECCION_CRIPTOGRAFICA,0.0
238,32,4,32,M1,T3,reloj_lamport,8.45,LAMPORT_22,False,SIN_PROTECCION_CRIPTOGRAFICA,0.0
239,33,5,33,M1,T4,cadena_hash_truncada,8.35,EVENTO_ELIMINADO,False,SIN_PROTECCION_CRIPTOGRAFICA,0.0
240,28,14,28,M1,T5,timestamp_evento,8.8,TIMESTAMP_RETROACTIVO,False,SIN_PROTECCION_CRIPTOGRAFICA,0.0
241,24,10,24,M1,T1,calificacion_tabla_bd,9.15,10.0,False,SIN_PROTECCION_CRIPTOGRAFICA,0.0
242,26,12,26,M1,T2,payload_bitacora,7.8,PAYLOAD_ALTERADO_10.00,False,SIN_PROTECCION_CRIPTOGRAFICA,0.0
243,23,9,23,M1,T3,reloj_lamport,8.65,LAMPORT_13,False,SIN_PROTECCION_CRIPTOGRAFICA,0.0
244,24,10,24,M1,T4,cadena_hash_truncada,9.15,EVENTO_ELIMINADO,False,SIN_PROTECCION_CRIPTOGRAFICA,0.0
245,23,9,23,M1,T5,timestamp_evento,8.65,TIMESTAMP_RETROACTIVO,False,SIN_PROTECCION_CRIPTOGRAFICA,0.0
246,29,1,29,M1,T1,calificacion_tabla_bd,8.7,10.0,False,SIN_PROTECCION_CRIPTOGRAFICA,0.0
247,31,3,31,M1,T2,payload_bitacora,7.95,PAYLOAD_ALTERADO_10.00,False,SIN_PROTECCION_CRIPTOGRAFICA,0.0
248,29,1,29,M1,T3,reloj_lamport,8.7,LAMPORT_19,False,SIN_PROTECCION_CRIPTOGRAFICA,0.0
249,28,14,28,M1,T4,cadena_hash_truncada,8.8,EVENTO_ELIMINADO,False,SIN_PROTECCION_CRIPTOGRAFICA,0.0
250,27,13,27,M1,T5,timestamp_evento,8.3,TIMESTAMP_RETROACTIVO,False,SIN_PROTECCION_CRIPTOGRAFICA,0.0
251,30,2,30,M1,T1,calificacion_tabla_bd,9.2,10.0,False,SIN_PROTECCION_CRIPTOGRAFICA,0.0
252,24,10,24,M1,T2,payload_bitacora,9.15,PAYLOAD_ALTERADO_10.00,False,SIN_PROTECCION_CRIPTOGRAFICA,0.0
253,27,13,27,M1,T3,reloj_lamport,8.3,LAMPORT_17,False,SIN_PROTECCION_CRIPTOGRAFICA,0.0
254,25,11,25,M1,T4,cadena_hash_truncada,9.05,EVENTO_ELIMINADO,False,SIN_PROTECCION_CRIPTOGRAFICA,0.0
255,25,11,25,M1,T5,timestamp_evento,9.05,TIMESTAMP_RETROACTIVO,False,SIN_PROTECCION_CRIPTOGRAFICA,0.0
256,31,3,31,M1,T1,calificacion_tabla_bd,7.95,9.45,False,SIN_PROTECCION_CRIPTOGRAFICA,0.0
257,26,12,26,M1,T2,payload_bitacora,7.8,PAYLOAD_ALTERADO_10.00,False,SIN_PROTECCION_CRIPTOGRAFICA,0.0
258,29,1,29,M1,T3,reloj_lamport,8.7,LAMPORT_19,False,SIN_PROTECCION_CRIPTOGRAFICA,0.0
259,26,12,26,M1,T4,cadena_hash_truncada,7.8,EVENTO_ELIMINADO,False,SIN_PROTECCION_CRIPTOGRAFICA,0.0
260,30,2,30,M1,T5,timestamp_evento,9.2,TIMESTAMP_RETROACTIVO,False,SIN_PROTECCION_CRIPTOGRAFICA,0.0
261,27,13,27,M1,T1,calificacion_tabla_bd,8.3,9.8,False,SIN_PROTECCION_CRIPTOGRAFICA,0.0
262,26,12,26,M1,T2,payload_bitacora,7.8,PAYLOAD_ALTERADO_10.00,False,SIN_PROTECCION_CRIPTOGRAFICA,0.0
263,25,11,25,M1,T3,reloj_lamport,9.05,LAMPORT_15,False,SIN_PROTECCION_CRIPTOGRAFICA,0.0
264,24,10,24,M1,T4,cadena_hash_truncada,9.15,EVENTO_ELIMINADO,False,SIN_PROTECCION_CRIPTOGRAFICA,0.0
265,27,13,27,M1,T5,timestamp_evento,8.3,TIMESTAMP_RETROACTIVO,False,SIN_PROTECCION_CRIPTOGRAFICA,0.0
266,23,9,23,M1,T1,calificacion_tabla_bd,8.65,10.0,False,SIN_PROTECCION_CRIPTOGRAFICA,0.0
267,26,12,26,M1,T2,payload_bitacora,7.8,PAYLOAD_ALTERADO_10.00,False,SIN_PROTECCION_CRIPTOGRAFICA,0.0
268,25,11,25,M1,T3,reloj_lamport,9.05,LAMPORT_15,False,SIN_PROTECCION_CRIPTOGRAFICA,0.0
269,30,2,30,M1,T4,cadena_hash_truncada,9.2,EVENTO_ELIMINADO,False,SIN_PROTECCION_CRIPTOGRAFICA,0.0
270,28,14,28,M1,T5,timestamp_evento,8.8,TIMESTAMP_RETROACTIVO,False,SIN_PROTECCION_CRIPTOGRAFICA,0.0
271,29,1,29,M1,T1,calificacion_tabla_bd,8.7,10.0,False,SIN_PROTECCION_CRIPTOGRAFICA,0.0
272,32,4,32,M1,T2,payload_bitacora,8.45,PAYLOAD_ALTERADO_10.00,False,SIN_PROTECCION_CRIPTOGRAFICA,0.0
273,27,13,27,M1,T3,reloj_lamport,8.3,LAMPORT_17,False,SIN_PROTECCION_CRIPTOGRAFICA,0.0
274,23,9,23,M1,T4,cadena_hash_truncada,8.65,EVENTO_ELIMINADO,False,SIN_PROTECCION_CRIPTOGRAFICA,0.0
275,25,11,25,M1,T5,timestamp_evento,9.05,TIMESTAMP_RETROACTIVO,False,SIN_PROTECCION_CRIPTOGRAFICA,0.0
276,29,1,29,M1,T1,calificacion_tabla_bd,8.7,10.0,False,SIN_PROTECCION_CRIPTOGRAFICA,0.0
277,32,4,32,M1,T2,payload_bitacora,8.45,PAYLOAD_ALTERADO_10.00,False,SIN_PROTECCION_CRIPTOGRAFICA,0.0
278,30,2,30,M1,T3,reloj_lamport,9.2,LAMPORT_20,False,SIN_PROTECCION_CRIPTOGRAFICA,0.0
279,30,2,30,M1,T4,cadena_hash_truncada,9.2,EVENTO_ELIMINADO,False,SIN_PROTECCION_CRIPTOGRAFICA,0.0
280,31,3,31,M1,T5,timestamp_evento,7.95,TIMESTAMP_RETROACTIVO,False,SIN_PROTECCION_CRIPTOGRAFICA,0.0
281,32,4,32,M1,T1,calificacion_tabla_bd,8.45,9.95,False,SIN_PROTECCION_CRIPTOGRAFICA,0.0
282,29,1,29,M1,T2,payload_bitacora,8.7,PAYLOAD_ALTERADO_10.00,False,SIN_PROTECCION_CRIPTOGRAFICA,0.0
283,24,10,24,M1,T3,reloj_lamport,9.15,LAMPORT_14,False,SIN_PROTECCION_CRIPTOGRAFICA,0.0
284,32,4,32,M1,T4,cadena_hash_truncada,8.45,EVENTO_ELIMINADO,False,SIN_PROTECCION_CRIPTOGRAFICA,0.0
285,31,3,31,M1,T5,timestamp_evento,7.95,TIMESTAMP_RETROACTIVO,False,SIN_PROTECCION_CRIPTOGRAFICA,0.0
286,27,13,27,M1,T1,calificacion_tabla_bd,8.3,9.8,False,SIN_PROTECCION_CRIPTOGRAFICA,0.0
287,25,11,25,M1,T2,payload_bitacora,9.05,PAYLOAD_ALTERADO_10.00,False,SIN_PROTECCION_CRIPTOGRAFICA,0.0
288,29,1,29,M1,T3,reloj_lamport,8.7,LAMPORT_19,False,SIN_PROTECCION_CRIPTOGRAFICA,0.0
289,25,11,25,M1,T4,cadena_hash_truncada,9.05,EVENTO_ELIMINADO,False,SIN_PROTECCION_CRIPTOGRAFICA,0.0
290,27,13,27,M1,T5,timestamp_evento,8.3,TIMESTAMP_RETROACTIVO,False,SIN_PROTECCION_CRIPTOGRAFICA,0.0
291,30,2,30,M1,T1,calificacion_tabla_bd,9.2,10.0,False,SIN_PROTECCION_CRIPTOGRAFICA,0.0
292,33,5,33,M1,T2,payload_bitacora,8.35,PAYLOAD_ALTERADO_10.00,False,SIN_PROTECCION_CRIPTOGRAFICA,0.0
293,28,14,28,M1,T3,reloj_lamport,8.8,LAMPORT_18,False,SIN_PROTECCION_CRIPTOGRAFICA,0.0
294,33,5,33,M1,T4,cadena_hash_truncada,8.35,EVENTO_ELIMINADO,False,SIN_PROTECCION_CRIPTOGRAFICA,0.0
295,25,11,25,M1,T5,timestamp_evento,9.05,TIMESTAMP_RETROACTIVO,False,SIN_PROTECCION_CRIPTOGRAFICA,0.0
296,23,9,23,M1,T1,calificacion_tabla_bd,8.65,10.0,False,SIN_PROTECCION_CRIPTOGRAFICA,0.0
297,33,5,33,M1,T2,payload_bitacora,8.35,PAYLOAD_ALTERADO_10.00,False,SIN_PROTECCION_CRIPTOGRAFICA,0.0
298,24,10,24,M1,T3,reloj_lamport,9.15,LAMPORT_14,False,SIN_PROTECCION_CRIPTOGRAFICA,0.0
299,29,1,29,M1,T4,cadena_hash_truncada,8.7,EVENTO_ELIMINADO,False,SIN_PROTECCION_CRIPTOGRAFICA,0.0
300,32,4,32,M1,T5,timestamp_evento,8.45,TIMESTAMP_RETROACTIVO,False,SIN_PROTECCION_CRIPTOGRAFICA,0.0
301,26,12,26,M2,T1,calificacion_tabla_bd,7.8,9.3,True,ESTADO_ACADEMICO_DIVERGENTE,1815.3
302,28,14,28,M2,T2,payload_bitacora,8.8,PAYLOAD_ALTERADO_10.00,True,HASH_ACTUAL_INVALIDO,59.7
303,29,1,29,M2,T3,reloj_lamport,8.7,LAMPORT_19,True,LAMPORT_NO_MONOTONICO,56.4
304,31,3,31,M2,T4,cadena_hash_truncada,7.95,EVENTO_ELIMINADO,True,HASH_ANTERIOR_INVALIDO,59.9
305,25,11,25,M2,T5,timestamp_evento,9.05,TIMESTAMP_RETROACTIVO,True,HASH_ACTUAL_INVALIDO,52.1
306,23,9,23,M2,T1,calificacion_tabla_bd,8.65,10.0,True,ESTADO_ACADEMICO_DIVERGENTE,1397.7
307,28,14,28,M2,T2,payload_bitacora,8.8,PAYLOAD_ALTERADO_10.00,True,HASH_ACTUAL_INVALIDO,57.3
308,27,13,27,M2,T3,reloj_lamport,8.3,LAMPORT_17,True,LAMPORT_NO_MONOTONICO,53.3
309,28,14,28,M2,T4,cadena_hash_truncada,8.8,EVENTO_ELIMINADO,True,HASH_ANTERIOR_INVALIDO,57.0
310,27,13,27,M2,T5,timestamp_evento,8.3,TIMESTAMP_RETROACTIVO,True,HASH_ACTUAL_INVALIDO,55.7
311,32,4,32,M2,T1,calificacion_tabla_bd,8.45,9.95,True,ESTADO_ACADEMICO_DIVERGENTE,2557.4
312,26,12,26,M2,T2,payload_bitacora,7.8,PAYLOAD_ALTERADO_10.00,True,HASH_ACTUAL_INVALIDO,76.4
313,33,5,33,M2,T3,reloj_lamport,8.35,LAMPORT_23,True,LAMPORT_NO_MONOTONICO,66.6
314,29,1,29,M2,T4,cadena_hash_truncada,8.7,EVENTO_ELIMINADO,True,HASH_ANTERIOR_INVALIDO,58.9
315,25,11,25,M2,T5,timestamp_evento,9.05,TIMESTAMP_RETROACTIVO,True,HASH_ACTUAL_INVALIDO,52.3
316,26,12,26,M2,T1,calificacion_tabla_bd,7.8,9.3,True,ESTADO_ACADEMICO_DIVERGENTE,2209.0
317,31,3,31,M2,T2,payload_bitacora,7.95,PAYLOAD_ALTERADO_10.00,True,HASH_ACTUAL_INVALIDO,63.0
318,33,5,33,M2,T3,reloj_lamport,8.35,LAMPORT_23,True,LAMPORT_NO_MONOTONICO,64.0
319,25,11,25,M2,T4,cadena_hash_truncada,9.05,EVENTO_ELIMINADO,True,HASH_ANTERIOR_INVALIDO,49.1
320,33,5,33,M2,T5,timestamp_evento,8.35,TIMESTAMP_RETROACTIVO,True,HASH_ACTUAL_INVALIDO,65.9
321,24,10,24,M2,T1,calificacion_tabla_bd,9.15,10.0,True,ESTADO_ACADEMICO_DIVERGENTE,1532.2
322,24,10,24,M2,T2,payload_bitacora,9.15,PAYLOAD_ALTERADO_10.00,True,HASH_ACTUAL_INVALIDO,49.6
323,26,12,26,M2,T3,reloj_lamport,7.8,LAMPORT_16,True,LAMPORT_NO_MONOTONICO,51.4
324,32,4,32,M2,T4,cadena_hash_truncada,8.45,EVENTO_ELIMINADO,True,HASH_ANTERIOR_INVALIDO,63.3
325,33,5,33,M2,T5,timestamp_evento,8.35,TIMESTAMP_RETROACTIVO,True,HASH_ACTUAL_INVALIDO,67.1
326,30,2,30,M2,T1,calificacion_tabla_bd,9.2,10.0,True,ESTADO_ACADEMICO_DIVERGENTE,2273.8
327,26,12,26,M2,T2,payload_bitacora,7.8,PAYLOAD_ALTERADO_10.00,True,HASH_ACTUAL_INVALIDO,53.6
328,29,1,29,M2,T3,reloj_lamport,8.7,LAMPORT_19,True,LAMPORT_NO_MONOTONICO,58.5
329,30,2,30,M2,T4,cadena_hash_truncada,9.2,EVENTO_ELIMINADO,True,HASH_ANTERIOR_INVALIDO,59.8
330,31,3,31,M2,T5,timestamp_evento,7.95,TIMESTAMP_RETROACTIVO,True,HASH_ACTUAL_INVALIDO,62.9
331,27,13,27,M2,T1,calificacion_tabla_bd,8.3,9.8,True,ESTADO_ACADEMICO_DIVERGENTE,3571.6
332,24,10,24,M2,T2,payload_bitacora,9.15,PAYLOAD_ALTERADO_10.00,True,HASH_ACTUAL_INVALIDO,53.1
333,23,9,23,M2,T3,reloj_lamport,8.65,LAMPORT_13,True,LAMPORT_NO_MONOTONICO,46.2
334,25,11,25,M2,T4,cadena_hash_truncada,9.05,EVENTO_ELIMINADO,True,HASH_ANTERIOR_INVALIDO,49.8
335,33,5,33,M2,T5,timestamp_evento,8.35,TIMESTAMP_RETROACTIVO,True,HASH_ACTUAL_INVALIDO,67.5
336,33,5,33,M2,T1,calificacion_tabla_bd,8.35,9.85,True,ESTADO_ACADEMICO_DIVERGENTE,2772.1
337,25,11,25,M2,T2,payload_bitacora,9.05,PAYLOAD_ALTERADO_10.00,True,HASH_ACTUAL_INVALIDO,50.8
338,28,14,28,M2,T3,reloj_lamport,8.8,LAMPORT_18,True,LAMPORT_NO_MONOTONICO,57.2
339,24,10,24,M2,T4,cadena_hash_truncada,9.15,EVENTO_ELIMINADO,True,HASH_ANTERIOR_INVALIDO,47.9
340,26,12,26,M2,T5,timestamp_evento,7.8,TIMESTAMP_RETROACTIVO,True,HASH_ACTUAL_INVALIDO,61.6
341,27,13,27,M2,T1,calificacion_tabla_bd,8.3,9.8,True,ESTADO_ACADEMICO_DIVERGENTE,1854.2
342,28,14,28,M2,T2,payload_bitacora,8.8,PAYLOAD_ALTERADO_10.00,True,HASH_ACTUAL_INVALIDO,57.1
343,28,14,28,M2,T3,reloj_lamport,8.8,LAMPORT_18,True,LAMPORT_NO_MONOTONICO,55.8
344,25,11,25,M2,T4,cadena_hash_truncada,9.05,EVENTO_ELIMINADO,True,HASH_ANTERIOR_INVALIDO,50.1
345,30,2,30,M2,T5,timestamp_evento,9.2,TIMESTAMP_RETROACTIVO,True,HASH_ACTUAL_INVALIDO,61.2
346,24,10,24,M2,T1,calificacion_tabla_bd,9.15,10.0,True,ESTADO_ACADEMICO_DIVERGENTE,1544.7
347,31,3,31,M2,T2,payload_bitacora,7.95,PAYLOAD_ALTERADO_10.00,True,HASH_ACTUAL_INVALIDO,62.5
348,28,14,28,M2,T3,reloj_lamport,8.8,LAMPORT_18,True,LAMPORT_NO_MONOTONICO,55.1
349,24,10,24,M2,T4,cadena_hash_truncada,9.15,EVENTO_ELIMINADO,True,HASH_ANTERIOR_INVALIDO,48.3
350,29,1,29,M2,T5,timestamp_evento,8.7,TIMESTAMP_RETROACTIVO,True,HASH_ACTUAL_INVALIDO,59.2
351,27,13,27,M2,T1,calificacion_tabla_bd,8.3,9.8,True,ESTADO_ACADEMICO_DIVERGENTE,1854.3
352,31,3,31,M2,T2,payload_bitacora,7.95,PAYLOAD_ALTERADO_10.00,True,HASH_ACTUAL_INVALIDO,63.1
353,30,2,30,M2,T3,reloj_lamport,9.2,LAMPORT_20,True,LAMPORT_NO_MONOTONICO,58.0
354,27,13,27,M2,T4,cadena_hash_truncada,8.3,EVENTO_ELIMINADO,True,HASH_ANTERIOR_INVALIDO,55.7
355,27,13,27,M2,T5,timestamp_evento,8.3,TIMESTAMP_RETROACTIVO,True,HASH_ACTUAL_INVALIDO,56.0
356,28,14,28,M2,T1,calificacion_tabla_bd,8.8,10.0,True,ESTADO_ACADEMICO_DIVERGENTE,2287.2
357,33,5,33,M2,T2,payload_bitacora,8.35,PAYLOAD_ALTERADO_10.00,True,HASH_ACTUAL_INVALIDO,67.2
358,27,13,27,M2,T3,reloj_lamport,8.3,LAMPORT_17,True,LAMPORT_NO_MONOTONICO,53.8
359,26,12,26,M2,T4,cadena_hash_truncada,7.8,EVENTO_ELIMINADO,True,HASH_ANTERIOR_INVALIDO,51.3
360,28,14,28,M2,T5,timestamp_evento,8.8,TIMESTAMP_RETROACTIVO,True,HASH_ACTUAL_INVALIDO,56.4
361,29,1,29,M2,T1,calificacion_tabla_bd,8.7,10.0,True,ESTADO_ACADEMICO_DIVERGENTE,2133.3
362,30,2,30,M2,T2,payload_bitacora,9.2,PAYLOAD_ALTERADO_10.00,True,HASH_ACTUAL_INVALIDO,61.3
363,30,2,30,M2,T3,reloj_lamport,9.2,LAMPORT_20,True,LAMPORT_NO_MONOTONICO,63.9
364,23,9,23,M2,T4,cadena_hash_truncada,8.65,EVENTO_ELIMINADO,True,HASH_ANTERIOR_INVALIDO,45.9
365,33,5,33,M2,T5,timestamp_evento,8.35,TIMESTAMP_RETROACTIVO,True,HASH_ACTUAL_INVALIDO,67.6
366,33,5,33,M2,T1,calificacion_tabla_bd,8.35,9.85,True,ESTADO_ACADEMICO_DIVERGENTE,2757.0
367,30,2,30,M2,T2,payload_bitacora,9.2,PAYLOAD_ALTERADO_10.00,True,HASH_ACTUAL_INVALIDO,60.3
368,31,3,31,M2,T3,reloj_lamport,7.95,LAMPORT_21,True,LAMPORT_NO_MONOTONICO,62.4
369,26,12,26,M2,T4,cadena_hash_truncada,7.8,EVENTO_ELIMINADO,True,HASH_ANTERIOR_INVALIDO,52.1
370,30,2,30,M2,T5,timestamp_evento,9.2,TIMESTAMP_RETROACTIVO,True,HASH_ACTUAL_INVALIDO,60.8
371,30,2,30,M2,T1,calificacion_tabla_bd,9.2,10.0,True,ESTADO_ACADEMICO_DIVERGENTE,3065.5
372,28,14,28,M2,T2,payload_bitacora,8.8,PAYLOAD_ALTERADO_10.00,True,HASH_ACTUAL_INVALIDO,58.2
373,30,2,30,M2,T3,reloj_lamport,9.2,LAMPORT_20,True,LAMPORT_NO_MONOTONICO,59.3
374,29,1,29,M2,T4,cadena_hash_truncada,8.7,EVENTO_ELIMINADO,True,HASH_ANTERIOR_INVALIDO,56.7
375,30,2,30,M2,T5,timestamp_evento,9.2,TIMESTAMP_RETROACTIVO,True,HASH_ACTUAL_INVALIDO,60.6
376,25,11,25,M2,T1,calificacion_tabla_bd,9.05,10.0,True,ESTADO_ACADEMICO_DIVERGENTE,1586.2
377,26,12,26,M2,T2,payload_bitacora,7.8,PAYLOAD_ALTERADO_10.00,True,HASH_ACTUAL_INVALIDO,52.8
378,31,3,31,M2,T3,reloj_lamport,7.95,LAMPORT_21,True,LAMPORT_NO_MONOTONICO,60.6
379,33,5,33,M2,T4,cadena_hash_truncada,8.35,EVENTO_ELIMINADO,True,HASH_ANTERIOR_INVALIDO,76.8
380,33,5,33,M2,T5,timestamp_evento,8.35,TIMESTAMP_RETROACTIVO,True,HASH_ACTUAL_INVALIDO,68.1
381,31,3,31,M2,T1,calificacion_tabla_bd,7.95,9.45,True,ESTADO_ACADEMICO_DIVERGENTE,2716.1
382,32,4,32,M2,T2,payload_bitacora,8.45,PAYLOAD_ALTERADO_10.00,True,HASH_ACTUAL_INVALIDO,65.3
383,30,2,30,M2,T3,reloj_lamport,9.2,LAMPORT_20,True,LAMPORT_NO_MONOTONICO,58.7
384,28,14,28,M2,T4,cadena_hash_truncada,8.8,EVENTO_ELIMINADO,True,HASH_ANTERIOR_INVALIDO,54.5
385,28,14,28,M2,T5,timestamp_evento,8.8,TIMESTAMP_RETROACTIVO,True,HASH_ACTUAL_INVALIDO,115.3
386,33,5,33,M2,T1,calificacion_tabla_bd,8.35,9.85,True,ESTADO_ACADEMICO_DIVERGENTE,2996.3
387,29,1,29,M2,T2,payload_bitacora,8.7,PAYLOAD_ALTERADO_10.00,True,HASH_ACTUAL_INVALIDO,59.4
388,26,12,26,M2,T3,reloj_lamport,7.8,LAMPORT_16,True,LAMPORT_NO_MONOTONICO,51.5
389,27,13,27,M2,T4,cadena_hash_truncada,8.3,EVENTO_ELIMINADO,True,HASH_ANTERIOR_INVALIDO,54.3
390,24,10,24,M2,T5,timestamp_evento,9.15,TIMESTAMP_RETROACTIVO,True,HASH_ACTUAL_INVALIDO,49.2
391,33,5,33,M2,T1,calificacion_tabla_bd,8.35,9.85,True,ESTADO_ACADEMICO_DIVERGENTE,3193.3
392,30,2,30,M2,T2,payload_bitacora,9.2,PAYLOAD_ALTERADO_10.00,True,HASH_ACTUAL_INVALIDO,62.3
393,26,12,26,M2,T3,reloj_lamport,7.8,LAMPORT_16,True,LAMPORT_NO_MONOTONICO,52.7
394,32,4,32,M2,T4,cadena_hash_truncada,8.45,EVENTO_ELIMINADO,True,HASH_ANTERIOR_INVALIDO,72.6
395,33,5,33,M2,T5,timestamp_evento,8.35,TIMESTAMP_RETROACTIVO,True,HASH_ACTUAL_INVALIDO,66.3
396,27,13,27,M2,T1,calificacion_tabla_bd,8.3,9.8,True,ESTADO_ACADEMICO_DIVERGENTE,2060.2
397,28,14,28,M2,T2,payload_bitacora,8.8,PAYLOAD_ALTERADO_10.00,True,HASH_ACTUAL_INVALIDO,57.0
398,28,14,28,M2,T3,reloj_lamport,8.8,LAMPORT_18,True,LAMPORT_NO_MONOTONICO,64.1
399,27,13,27,M2,T4,cadena_hash_truncada,8.3,EVENTO_ELIMINADO,True,HASH_ANTERIOR_INVALIDO,53.7
400,29,1,29,M2,T5,timestamp_evento,8.7,TIMESTAMP_RETROACTIVO,True,HASH_ACTUAL_INVALIDO,59.6
401,28,14,28,M2,T1,calificacion_tabla_bd,8.8,10.0,True,ESTADO_ACADEMICO_DIVERGENTE,3033.3
402,29,1,29,M2,T2,payload_bitacora,8.7,PAYLOAD_ALTERADO_10.00,True,HASH_ACTUAL_INVALIDO,61.3
403,26,12,26,M2,T3,reloj_lamport,7.8,LAMPORT_16,True,LAMPORT_NO_MONOTONICO,52.0
404,24,10,24,M2,T4,cadena_hash_truncada,9.15,EVENTO_ELIMINADO,True,HASH_ANTERIOR_INVALIDO,53.4
405,23,9,23,M2,T5,timestamp_evento,8.65,TIMESTAMP_RETROACTIVO,True,HASH_ACTUAL_INVALIDO,48.4
406,28,14,28,M2,T1,calificacion_tabla_bd,8.8,10.0,True,ESTADO_ACADEMICO_DIVERGENTE,2056.3
407,33,5,33,M2,T2,payload_bitacora,8.35,PAYLOAD_ALTERADO_10.00,True,HASH_ACTUAL_INVALIDO,70.2
408,32,4,32,M2,T3,reloj_lamport,8.45,LAMPORT_22,True,LAMPORT_NO_MONOTONICO,63.0
409,27,13,27,M2,T4,cadena_hash_truncada,8.3,EVENTO_ELIMINADO,True,HASH_ANTERIOR_INVALIDO,74.7
410,23,9,23,M2,T5,timestamp_evento,8.65,TIMESTAMP_RETROACTIVO,True,HASH_ACTUAL_INVALIDO,48.3
411,26,12,26,M2,T1,calificacion_tabla_bd,7.8,9.3,True,ESTADO_ACADEMICO_DIVERGENTE,1694.4
412,28,14,28,M2,T2,payload_bitacora,8.8,PAYLOAD_ALTERADO_10.00,True,HASH_ACTUAL_INVALIDO,57.4
413,24,10,24,M2,T3,reloj_lamport,9.15,LAMPORT_14,True,LAMPORT_NO_MONOTONICO,56.3
414,25,11,25,M2,T4,cadena_hash_truncada,9.05,EVENTO_ELIMINADO,True,HASH_ANTERIOR_INVALIDO,82.1
415,33,5,33,M2,T5,timestamp_evento,8.35,TIMESTAMP_RETROACTIVO,True,HASH_ACTUAL_INVALIDO,67.3
416,33,5,33,M2,T1,calificacion_tabla_bd,8.35,9.85,True,ESTADO_ACADEMICO_DIVERGENTE,7433.3
417,27,13,27,M2,T2,payload_bitacora,8.3,PAYLOAD_ALTERADO_10.00,True,HASH_ACTUAL_INVALIDO,56.3
418,30,2,30,M2,T3,reloj_lamport,9.2,LAMPORT_20,True,LAMPORT_NO_MONOTONICO,60.3
419,31,3,31,M2,T4,cadena_hash_truncada,7.95,EVENTO_ELIMINADO,True,HASH_ANTERIOR_INVALIDO,60.4
420,31,3,31,M2,T5,timestamp_evento,7.95,TIMESTAMP_RETROACTIVO,True,HASH_ACTUAL_INVALIDO,61.1
421,31,3,31,M2,T1,calificacion_tabla_bd,7.95,9.45,True,ESTADO_ACADEMICO_DIVERGENTE,2541.4
422,30,2,30,M2,T2,payload_bitacora,9.2,PAYLOAD_ALTERADO_10.00,True,HASH_ACTUAL_INVALIDO,60.2
423,29,1,29,M2,T3,reloj_lamport,8.7,LAMPORT_19,True,LAMPORT_NO_MONOTONICO,56.2
424,23,9,23,M2,T4,cadena_hash_truncada,8.65,EVENTO_ELIMINADO,True,HASH_ANTERIOR_INVALIDO,45.7
425,27,13,27,M2,T5,timestamp_evento,8.3,TIMESTAMP_RETROACTIVO,True,HASH_ACTUAL_INVALIDO,53.7
426,24,10,24,M2,T1,calificacion_tabla_bd,9.15,10.0,True,ESTADO_ACADEMICO_DIVERGENTE,1480.5
427,30,2,30,M2,T2,payload_bitacora,9.2,PAYLOAD_ALTERADO_10.00,True,HASH_ACTUAL_INVALIDO,74.7
428,27,13,27,M2,T3,reloj_lamport,8.3,LAMPORT_17,True,LAMPORT_NO_MONOTONICO,53.0
429,26,12,26,M2,T4,cadena_hash_truncada,7.8,EVENTO_ELIMINADO,True,HASH_ANTERIOR_INVALIDO,51.2
430,33,5,33,M2,T5,timestamp_evento,8.35,TIMESTAMP_RETROACTIVO,True,HASH_ACTUAL_INVALIDO,67.4
431,27,13,27,M2,T1,calificacion_tabla_bd,8.3,9.8,True,ESTADO_ACADEMICO_DIVERGENTE,1886.4
432,24,10,24,M2,T2,payload_bitacora,9.15,PAYLOAD_ALTERADO_10.00,True,HASH_ACTUAL_INVALIDO,48.6
433,31,3,31,M2,T3,reloj_lamport,7.95,LAMPORT_21,True,LAMPORT_NO_MONOTONICO,60.6
434,32,4,32,M2,T4,cadena_hash_truncada,8.45,EVENTO_ELIMINADO,True,HASH_ANTERIOR_INVALIDO,64.6
435,25,11,25,M2,T5,timestamp_evento,9.05,TIMESTAMP_RETROACTIVO,True,HASH_ACTUAL_INVALIDO,52.3
436,30,2,30,M2,T1,calificacion_tabla_bd,9.2,10.0,True,ESTADO_ACADEMICO_DIVERGENTE,2298.3
437,28,14,28,M2,T2,payload_bitacora,8.8,PAYLOAD_ALTERADO_10.00,True,HASH_ACTUAL_INVALIDO,57.4
438,27,13,27,M2,T3,reloj_lamport,8.3,LAMPORT_17,True,LAMPORT_NO_MONOTONICO,54.1
439,23,9,23,M2,T4,cadena_hash_truncada,8.65,EVENTO_ELIMINADO,True,HASH_ANTERIOR_INVALIDO,46.3
440,29,1,29,M2,T5,timestamp_evento,8.7,TIMESTAMP_RETROACTIVO,True,HASH_ACTUAL_INVALIDO,66.5
441,27,13,27,M2,T1,calificacion_tabla_bd,8.3,9.8,True,ESTADO_ACADEMICO_DIVERGENTE,2534.6
442,30,2,30,M2,T2,payload_bitacora,9.2,PAYLOAD_ALTERADO_10.00,True,HASH_ACTUAL_INVALIDO,62.1
443,30,2,30,M2,T3,reloj_lamport,9.2,LAMPORT_20,True,LAMPORT_NO_MONOTONICO,58.4
444,25,11,25,M2,T4,cadena_hash_truncada,9.05,EVENTO_ELIMINADO,True,HASH_ANTERIOR_INVALIDO,50.4
445,33,5,33,M2,T5,timestamp_evento,8.35,TIMESTAMP_RETROACTIVO,True,HASH_ACTUAL_INVALIDO,65.8
446,27,13,27,M2,T1,calificacion_tabla_bd,8.3,9.8,True,ESTADO_ACADEMICO_DIVERGENTE,1803.6
447,23,9,23,M2,T2,payload_bitacora,8.65,PAYLOAD_ALTERADO_10.00,True,HASH_ACTUAL_INVALIDO,47.0
448,24,10,24,M2,T3,reloj_lamport,9.15,LAMPORT_14,True,LAMPORT_NO_MONOTONICO,48.2
449,30,2,30,M2,T4,cadena_hash_truncada,9.2,EVENTO_ELIMINADO,True,HASH_ANTERIOR_INVALIDO,63.1
450,32,4,32,M2,T5,timestamp_evento,8.45,TIMESTAMP_RETROACTIVO,True,HASH_ACTUAL_INVALIDO,63.5
451,32,4,32,M3,T1,calificacion_tabla_bd,8.45,9.95,True,ESTADO_ACADEMICO_DIVERGENTE,2746.7
452,33,5,33,M3,T2,payload_bitacora,8.35,PAYLOAD_ALTERADO_10.00,True,HASH_ACTUAL_INVALIDO,67.5
453,30,2,30,M3,T3,reloj_lamport,9.2,LAMPORT_20,True,LAMPORT_NO_MONOTONICO,60.8
454,32,4,32,M3,T4,cadena_hash_truncada,8.45,EVENTO_ELIMINADO,True,HASH_ANTERIOR_INVALIDO,63.7
455,30,2,30,M3,T5,timestamp_evento,9.2,TIMESTAMP_RETROACTIVO,True,HASH_ACTUAL_INVALIDO,81.3
456,25,11,25,M3,T1,calificacion_tabla_bd,9.05,10.0,True,ESTADO_ACADEMICO_DIVERGENTE,1575.3
457,27,13,27,M3,T2,payload_bitacora,8.3,PAYLOAD_ALTERADO_10.00,True,HASH_ACTUAL_INVALIDO,56.0
458,33,5,33,M3,T3,reloj_lamport,8.35,LAMPORT_23,True,LAMPORT_NO_MONOTONICO,65.7
459,28,14,28,M3,T4,cadena_hash_truncada,8.8,EVENTO_ELIMINADO,True,HASH_ANTERIOR_INVALIDO,56.6
460,28,14,28,M3,T5,timestamp_evento,8.8,TIMESTAMP_RETROACTIVO,True,HASH_ACTUAL_INVALIDO,58.0
461,27,13,27,M3,T1,calificacion_tabla_bd,8.3,9.8,True,ESTADO_ACADEMICO_DIVERGENTE,1991.8
462,31,3,31,M3,T2,payload_bitacora,7.95,PAYLOAD_ALTERADO_10.00,True,HASH_ACTUAL_INVALIDO,62.4
463,25,11,25,M3,T3,reloj_lamport,9.05,LAMPORT_15,True,LAMPORT_NO_MONOTONICO,51.3
464,26,12,26,M3,T4,cadena_hash_truncada,7.8,EVENTO_ELIMINADO,True,HASH_ANTERIOR_INVALIDO,51.9
465,28,14,28,M3,T5,timestamp_evento,8.8,TIMESTAMP_RETROACTIVO,True,HASH_ACTUAL_INVALIDO,56.7
466,25,11,25,M3,T1,calificacion_tabla_bd,9.05,10.0,True,ESTADO_ACADEMICO_DIVERGENTE,1586.0
467,31,3,31,M3,T2,payload_bitacora,7.95,PAYLOAD_ALTERADO_10.00,True,HASH_ACTUAL_INVALIDO,63.1
468,26,12,26,M3,T3,reloj_lamport,7.8,LAMPORT_16,True,LAMPORT_NO_MONOTONICO,52.9
469,27,13,27,M3,T4,cadena_hash_truncada,8.3,EVENTO_ELIMINADO,True,HASH_ANTERIOR_INVALIDO,53.6
470,31,3,31,M3,T5,timestamp_evento,7.95,TIMESTAMP_RETROACTIVO,True,HASH_ACTUAL_INVALIDO,63.4
471,26,12,26,M3,T1,calificacion_tabla_bd,7.8,9.3,True,ESTADO_ACADEMICO_DIVERGENTE,1740.8
472,25,11,25,M3,T2,payload_bitacora,9.05,PAYLOAD_ALTERADO_10.00,True,HASH_ACTUAL_INVALIDO,51.7
473,29,1,29,M3,T3,reloj_lamport,8.7,LAMPORT_19,True,LAMPORT_NO_MONOTONICO,57.6
474,28,14,28,M3,T4,cadena_hash_truncada,8.8,EVENTO_ELIMINADO,True,HASH_ANTERIOR_INVALIDO,55.1
475,30,2,30,M3,T5,timestamp_evento,9.2,TIMESTAMP_RETROACTIVO,True,HASH_ACTUAL_INVALIDO,62.9
476,31,3,31,M3,T1,calificacion_tabla_bd,7.95,9.45,True,ESTADO_ACADEMICO_DIVERGENTE,2437.2
477,29,1,29,M3,T2,payload_bitacora,8.7,PAYLOAD_ALTERADO_10.00,True,HASH_ACTUAL_INVALIDO,59.9
478,32,4,32,M3,T3,reloj_lamport,8.45,LAMPORT_22,True,LAMPORT_NO_MONOTONICO,63.3
479,26,12,26,M3,T4,cadena_hash_truncada,7.8,EVENTO_ELIMINADO,True,HASH_ANTERIOR_INVALIDO,51.5
480,23,9,23,M3,T5,timestamp_evento,8.65,TIMESTAMP_RETROACTIVO,True,HASH_ACTUAL_INVALIDO,58.5
481,29,1,29,M3,T1,calificacion_tabla_bd,8.7,10.0,True,ESTADO_ACADEMICO_DIVERGENTE,2123.4
482,24,10,24,M3,T2,payload_bitacora,9.15,PAYLOAD_ALTERADO_10.00,True,HASH_ACTUAL_INVALIDO,49.0
483,30,2,30,M3,T3,reloj_lamport,9.2,LAMPORT_20,True,LAMPORT_NO_MONOTONICO,59.4
484,26,12,26,M3,T4,cadena_hash_truncada,7.8,EVENTO_ELIMINADO,True,HASH_ANTERIOR_INVALIDO,52.7
485,31,3,31,M3,T5,timestamp_evento,7.95,TIMESTAMP_RETROACTIVO,True,HASH_ACTUAL_INVALIDO,63.4
486,31,3,31,M3,T1,calificacion_tabla_bd,7.95,9.45,True,ESTADO_ACADEMICO_DIVERGENTE,2740.7
487,24,10,24,M3,T2,payload_bitacora,9.15,PAYLOAD_ALTERADO_10.00,True,HASH_ACTUAL_INVALIDO,50.6
488,32,4,32,M3,T3,reloj_lamport,8.45,LAMPORT_22,True,LAMPORT_NO_MONOTONICO,62.7
489,23,9,23,M3,T4,cadena_hash_truncada,8.65,EVENTO_ELIMINADO,True,HASH_ANTERIOR_INVALIDO,45.4
490,26,12,26,M3,T5,timestamp_evento,7.8,TIMESTAMP_RETROACTIVO,True,HASH_ACTUAL_INVALIDO,54.6
491,28,14,28,M3,T1,calificacion_tabla_bd,8.8,10.0,True,ESTADO_ACADEMICO_DIVERGENTE,2047.6
492,27,13,27,M3,T2,payload_bitacora,8.3,PAYLOAD_ALTERADO_10.00,True,HASH_ACTUAL_INVALIDO,74.1
493,29,1,29,M3,T3,reloj_lamport,8.7,LAMPORT_19,True,LAMPORT_NO_MONOTONICO,57.8
494,29,1,29,M3,T4,cadena_hash_truncada,8.7,EVENTO_ELIMINADO,True,HASH_ANTERIOR_INVALIDO,56.9
495,33,5,33,M3,T5,timestamp_evento,8.35,TIMESTAMP_RETROACTIVO,True,HASH_ACTUAL_INVALIDO,67.6
496,31,3,31,M3,T1,calificacion_tabla_bd,7.95,9.45,True,ESTADO_ACADEMICO_DIVERGENTE,2584.0
497,27,13,27,M3,T2,payload_bitacora,8.3,PAYLOAD_ALTERADO_10.00,True,HASH_ACTUAL_INVALIDO,55.6
498,24,10,24,M3,T3,reloj_lamport,9.15,LAMPORT_14,True,LAMPORT_NO_MONOTONICO,47.4
499,28,14,28,M3,T4,cadena_hash_truncada,8.8,EVENTO_ELIMINADO,True,HASH_ANTERIOR_INVALIDO,55.7
500,29,1,29,M3,T5,timestamp_evento,8.7,TIMESTAMP_RETROACTIVO,True,HASH_ACTUAL_INVALIDO,73.1
501,32,4,32,M3,T1,calificacion_tabla_bd,8.45,9.95,True,ESTADO_ACADEMICO_DIVERGENTE,2732.9
502,29,1,29,M3,T2,payload_bitacora,8.7,PAYLOAD_ALTERADO_10.00,True,HASH_ACTUAL_INVALIDO,60.3
503,25,11,25,M3,T3,reloj_lamport,9.05,LAMPORT_15,True,LAMPORT_NO_MONOTONICO,50.0
504,28,14,28,M3,T4,cadena_hash_truncada,8.8,EVENTO_ELIMINADO,True,HASH_ANTERIOR_INVALIDO,239.4
505,24,10,24,M3,T5,timestamp_evento,9.15,TIMESTAMP_RETROACTIVO,True,HASH_ACTUAL_INVALIDO,49.8
506,28,14,28,M3,T1,calificacion_tabla_bd,8.8,10.0,True,ESTADO_ACADEMICO_DIVERGENTE,2190.7
507,24,10,24,M3,T2,payload_bitacora,9.15,PAYLOAD_ALTERADO_10.00,True,HASH_ACTUAL_INVALIDO,50.5
508,25,11,25,M3,T3,reloj_lamport,9.05,LAMPORT_15,True,LAMPORT_NO_MONOTONICO,50.3
509,31,3,31,M3,T4,cadena_hash_truncada,7.95,EVENTO_ELIMINADO,True,HASH_ANTERIOR_INVALIDO,62.8
510,31,3,31,M3,T5,timestamp_evento,7.95,TIMESTAMP_RETROACTIVO,True,HASH_ACTUAL_INVALIDO,63.4
511,31,3,31,M3,T1,calificacion_tabla_bd,7.95,9.45,True,ESTADO_ACADEMICO_DIVERGENTE,2575.1
512,24,10,24,M3,T2,payload_bitacora,9.15,PAYLOAD_ALTERADO_10.00,True,HASH_ACTUAL_INVALIDO,50.5
513,33,5,33,M3,T3,reloj_lamport,8.35,LAMPORT_23,True,LAMPORT_NO_MONOTONICO,87.8
514,28,14,28,M3,T4,cadena_hash_truncada,8.8,EVENTO_ELIMINADO,True,HASH_ANTERIOR_INVALIDO,55.9
515,24,10,24,M3,T5,timestamp_evento,9.15,TIMESTAMP_RETROACTIVO,True,HASH_ACTUAL_INVALIDO,50.2
516,30,2,30,M3,T1,calificacion_tabla_bd,9.2,10.0,True,ESTADO_ACADEMICO_DIVERGENTE,2410.9
517,26,12,26,M3,T2,payload_bitacora,7.8,PAYLOAD_ALTERADO_10.00,True,HASH_ACTUAL_INVALIDO,53.9
518,26,12,26,M3,T3,reloj_lamport,7.8,LAMPORT_16,True,LAMPORT_NO_MONOTONICO,52.1
519,26,12,26,M3,T4,cadena_hash_truncada,7.8,EVENTO_ELIMINADO,True,HASH_ANTERIOR_INVALIDO,53.0
520,28,14,28,M3,T5,timestamp_evento,8.8,TIMESTAMP_RETROACTIVO,True,HASH_ACTUAL_INVALIDO,58.1
521,27,13,27,M3,T1,calificacion_tabla_bd,8.3,9.8,True,ESTADO_ACADEMICO_DIVERGENTE,1912.3
522,27,13,27,M3,T2,payload_bitacora,8.3,PAYLOAD_ALTERADO_10.00,True,HASH_ACTUAL_INVALIDO,54.8
523,30,2,30,M3,T3,reloj_lamport,9.2,LAMPORT_20,True,LAMPORT_NO_MONOTONICO,129.0
524,29,1,29,M3,T4,cadena_hash_truncada,8.7,EVENTO_ELIMINADO,True,HASH_ANTERIOR_INVALIDO,57.5
525,32,4,32,M3,T5,timestamp_evento,8.45,TIMESTAMP_RETROACTIVO,True,HASH_ACTUAL_INVALIDO,64.7
526,25,11,25,M3,T1,calificacion_tabla_bd,9.05,10.0,True,ESTADO_ACADEMICO_DIVERGENTE,2563.7
527,25,11,25,M3,T2,payload_bitacora,9.05,PAYLOAD_ALTERADO_10.00,True,HASH_ACTUAL_INVALIDO,52.9
528,28,14,28,M3,T3,reloj_lamport,8.8,LAMPORT_18,True,LAMPORT_NO_MONOTONICO,54.8
529,31,3,31,M3,T4,cadena_hash_truncada,7.95,EVENTO_ELIMINADO,True,HASH_ANTERIOR_INVALIDO,61.1
530,25,11,25,M3,T5,timestamp_evento,9.05,TIMESTAMP_RETROACTIVO,True,HASH_ACTUAL_INVALIDO,51.5
531,30,2,30,M3,T1,calificacion_tabla_bd,9.2,10.0,True,ESTADO_ACADEMICO_DIVERGENTE,2238.7
532,30,2,30,M3,T2,payload_bitacora,9.2,PAYLOAD_ALTERADO_10.00,True,HASH_ACTUAL_INVALIDO,60.2
533,30,2,30,M3,T3,reloj_lamport,9.2,LAMPORT_20,True,LAMPORT_NO_MONOTONICO,57.7
534,31,3,31,M3,T4,cadena_hash_truncada,7.95,EVENTO_ELIMINADO,True,HASH_ANTERIOR_INVALIDO,62.1
535,28,14,28,M3,T5,timestamp_evento,8.8,TIMESTAMP_RETROACTIVO,True,HASH_ACTUAL_INVALIDO,58.3
536,26,12,26,M3,T1,calificacion_tabla_bd,7.8,9.3,True,ESTADO_ACADEMICO_DIVERGENTE,1760.5
537,28,14,28,M3,T2,payload_bitacora,8.8,PAYLOAD_ALTERADO_10.00,True,HASH_ACTUAL_INVALIDO,56.7
538,32,4,32,M3,T3,reloj_lamport,8.45,LAMPORT_22,True,LAMPORT_NO_MONOTONICO,111.2
539,24,10,24,M3,T4,cadena_hash_truncada,9.15,EVENTO_ELIMINADO,True,HASH_ANTERIOR_INVALIDO,49.0
540,25,11,25,M3,T5,timestamp_evento,9.05,TIMESTAMP_RETROACTIVO,True,HASH_ACTUAL_INVALIDO,52.3
541,23,9,23,M3,T1,calificacion_tabla_bd,8.65,10.0,True,ESTADO_ACADEMICO_DIVERGENTE,1410.8
542,31,3,31,M3,T2,payload_bitacora,7.95,PAYLOAD_ALTERADO_10.00,True,HASH_ACTUAL_INVALIDO,63.1
543,26,12,26,M3,T3,reloj_lamport,7.8,LAMPORT_16,True,LAMPORT_NO_MONOTONICO,53.6
544,23,9,23,M3,T4,cadena_hash_truncada,8.65,EVENTO_ELIMINADO,True,HASH_ANTERIOR_INVALIDO,46.9
545,25,11,25,M3,T5,timestamp_evento,9.05,TIMESTAMP_RETROACTIVO,True,HASH_ACTUAL_INVALIDO,92.3
546,29,1,29,M3,T1,calificacion_tabla_bd,8.7,10.0,True,ESTADO_ACADEMICO_DIVERGENTE,2486.8
547,32,4,32,M3,T2,payload_bitacora,8.45,PAYLOAD_ALTERADO_10.00,True,HASH_ACTUAL_INVALIDO,64.7
548,32,4,32,M3,T3,reloj_lamport,8.45,LAMPORT_22,True,LAMPORT_NO_MONOTONICO,62.5
549,27,13,27,M3,T4,cadena_hash_truncada,8.3,EVENTO_ELIMINADO,True,HASH_ANTERIOR_INVALIDO,53.9
550,31,3,31,M3,T5,timestamp_evento,7.95,TIMESTAMP_RETROACTIVO,True,HASH_ACTUAL_INVALIDO,74.9
551,29,1,29,M3,T1,calificacion_tabla_bd,8.7,10.0,True,ESTADO_ACADEMICO_DIVERGENTE,2159.2
552,33,5,33,M3,T2,payload_bitacora,8.35,PAYLOAD_ALTERADO_10.00,True,HASH_ACTUAL_INVALIDO,68.0
553,24,10,24,M3,T3,reloj_lamport,9.15,LAMPORT_14,True,LAMPORT_NO_MONOTONICO,48.8
554,33,5,33,M3,T4,cadena_hash_truncada,8.35,EVENTO_ELIMINADO,True,HASH_ANTERIOR_INVALIDO,65.2
555,29,1,29,M3,T5,timestamp_evento,8.7,TIMESTAMP_RETROACTIVO,True,HASH_ACTUAL_INVALIDO,61.3
556,29,1,29,M3,T1,calificacion_tabla_bd,8.7,10.0,True,ESTADO_ACADEMICO_DIVERGENTE,2282.8
557,32,4,32,M3,T2,payload_bitacora,8.45,PAYLOAD_ALTERADO_10.00,True,HASH_ACTUAL_INVALIDO,66.5
558,28,14,28,M3,T3,reloj_lamport,8.8,LAMPORT_18,True,LAMPORT_NO_MONOTONICO,55.7
559,29,1,29,M3,T4,cadena_hash_truncada,8.7,EVENTO_ELIMINADO,True,HASH_ANTERIOR_INVALIDO,58.8
560,27,13,27,M3,T5,timestamp_evento,8.3,TIMESTAMP_RETROACTIVO,True,HASH_ACTUAL_INVALIDO,55.1
561,27,13,27,M3,T1,calificacion_tabla_bd,8.3,9.8,True,ESTADO_ACADEMICO_DIVERGENTE,1937.7
562,29,1,29,M3,T2,payload_bitacora,8.7,PAYLOAD_ALTERADO_10.00,True,HASH_ACTUAL_INVALIDO,59.2
563,31,3,31,M3,T3,reloj_lamport,7.95,LAMPORT_21,True,LAMPORT_NO_MONOTONICO,62.6
564,33,5,33,M3,T4,cadena_hash_truncada,8.35,EVENTO_ELIMINADO,True,HASH_ANTERIOR_INVALIDO,65.8
565,33,5,33,M3,T5,timestamp_evento,8.35,TIMESTAMP_RETROACTIVO,True,HASH_ACTUAL_INVALIDO,68.4
566,27,13,27,M3,T1,calificacion_tabla_bd,8.3,9.8,True,ESTADO_ACADEMICO_DIVERGENTE,1845.9
567,29,1,29,M3,T2,payload_bitacora,8.7,PAYLOAD_ALTERADO_10.00,True,HASH_ACTUAL_INVALIDO,60.1
568,32,4,32,M3,T3,reloj_lamport,8.45,LAMPORT_22,True,LAMPORT_NO_MONOTONICO,116.9
569,31,3,31,M3,T4,cadena_hash_truncada,7.95,EVENTO_ELIMINADO,True,HASH_ANTERIOR_INVALIDO,109.8
570,26,12,26,M3,T5,timestamp_evento,7.8,TIMESTAMP_RETROACTIVO,True,HASH_ACTUAL_INVALIDO,54.0
571,23,9,23,M3,T1,calificacion_tabla_bd,8.65,10.0,True,ESTADO_ACADEMICO_DIVERGENTE,1449.7
572,25,11,25,M3,T2,payload_bitacora,9.05,PAYLOAD_ALTERADO_10.00,True,HASH_ACTUAL_INVALIDO,58.5
573,25,11,25,M3,T3,reloj_lamport,9.05,LAMPORT_15,True,LAMPORT_NO_MONOTONICO,50.2
574,32,4,32,M3,T4,cadena_hash_truncada,8.45,EVENTO_ELIMINADO,True,HASH_ANTERIOR_INVALIDO,63.8
575,28,14,28,M3,T5,timestamp_evento,8.8,TIMESTAMP_RETROACTIVO,True,HASH_ACTUAL_INVALIDO,58.3
576,32,4,32,M3,T1,calificacion_tabla_bd,8.45,9.95,True,ESTADO_ACADEMICO_DIVERGENTE,2696.0
577,24,10,24,M3,T2,payload_bitacora,9.15,PAYLOAD_ALTERADO_10.00,True,HASH_ACTUAL_INVALIDO,50.2
578,27,13,27,M3,T3,reloj_lamport,8.3,LAMPORT_17,True,LAMPORT_NO_MONOTONICO,53.7
579,24,10,24,M3,T4,cadena_hash_truncada,9.15,EVENTO_ELIMINADO,True,HASH_ANTERIOR_INVALIDO,48.4
580,33,5,33,M3,T5,timestamp_evento,8.35,TIMESTAMP_RETROACTIVO,True,HASH_ACTUAL_INVALIDO,67.9
581,25,11,25,M3,T1,calificacion_tabla_bd,9.05,10.0,True,ESTADO_ACADEMICO_DIVERGENTE,1643.0
582,25,11,25,M3,T2,payload_bitacora,9.05,PAYLOAD_ALTERADO_10.00,True,HASH_ACTUAL_INVALIDO,52.0
583,28,14,28,M3,T3,reloj_lamport,8.8,LAMPORT_18,True,LAMPORT_NO_MONOTONICO,56.0
584,26,12,26,M3,T4,cadena_hash_truncada,7.8,EVENTO_ELIMINADO,True,HASH_ANTERIOR_INVALIDO,52.0
585,33,5,33,M3,T5,timestamp_evento,8.35,TIMESTAMP_RETROACTIVO,True,HASH_ACTUAL_INVALIDO,67.3
586,30,2,30,M3,T1,calificacion_tabla_bd,9.2,10.0,True,ESTADO_ACADEMICO_DIVERGENTE,2711.1
587,26,12,26,M3,T2,payload_bitacora,7.8,PAYLOAD_ALTERADO_10.00,True,HASH_ACTUAL_INVALIDO,55.1
588,32,4,32,M3,T3,reloj_lamport,8.45,LAMPORT_22,True,LAMPORT_NO_MONOTONICO,62.7
589,33,5,33,M3,T4,cadena_hash_truncada,8.35,EVENTO_ELIMINADO,True,HASH_ANTERIOR_INVALIDO,65.9
590,31,3,31,M3,T5,timestamp_evento,7.95,TIMESTAMP_RETROACTIVO,True,HASH_ACTUAL_INVALIDO,63.9
591,31,3,31,M3,T1,calificacion_tabla_bd,7.95,9.45,True,ESTADO_ACADEMICO_DIVERGENTE,2593.0
592,26,12,26,M3,T2,payload_bitacora,7.8,PAYLOAD_ALTERADO_10.00,True,HASH_ACTUAL_INVALIDO,54.0
593,31,3,31,M3,T3,reloj_lamport,7.95,LAMPORT_21,True,LAMPORT_NO_MONOTONICO,62.6
594,31,3,31,M3,T4,cadena_hash_truncada,7.95,EVENTO_ELIMINADO,True,HASH_ANTERIOR_INVALIDO,61.8
595,31,3,31,M3,T5,timestamp_evento,7.95,TIMESTAMP_RETROACTIVO,True,HASH_ACTUAL_INVALIDO,65.6
596,30,2,30,M3,T1,calificacion_tabla_bd,9.2,10.0,True,ESTADO_ACADEMICO_DIVERGENTE,2318.8
597,30,2,30,M3,T2,payload_bitacora,9.2,PAYLOAD_ALTERADO_10.00,True,HASH_ACTUAL_INVALIDO,61.8
598,26,12,26,M3,T3,reloj_lamport,7.8,LAMPORT_16,True,LAMPORT_NO_MONOTONICO,52.3
599,31,3,31,M3,T4,cadena_hash_truncada,7.95,EVENTO_ELIMINADO,True,HASH_ANTERIOR_INVALIDO,62.2
600,29,1,29,M3,T5,timestamp_evento,8.7,TIMESTAMP_RETROACTIVO,True,HASH_ACTUAL_INVALIDO,60.4
