caracteristica,indicador,valor,fuente,alcance,criterio,veredicto
Eficiencia de desempeño,Carga y latencias del agregado nominal,peticiones=12994; fallos=0; rps=43.53758011606015; media_ms=109.1136640344576; p50_ms=6; p95_ms=440; p99_ms=850; usuarios_maximos=50,microservicio-soporte/locust_esc1_stats.csv (Aggregated); microservicio-soporte/locust_esc1_stats_history.csv (maximo User Count),"Conjunto A, agregado nominal local de Soporte; no demuestra estres exitoso ni disponibilidad de produccion; el veredicto evalua solo p95 agregado, no cada endpoint",p95 < 500 ms,Cumple el umbral en escenario nominal local
Fiabilidad,Peticiones y fallos observados,peticiones=12994; fallos=0,microservicio-soporte/locust_esc1_stats.csv (Aggregated),"Conjunto A, agregado nominal local de Soporte; no demuestra estres exitoso ni disponibilidad de produccion",Sin criterio suficiente para fiabilidad global,Evidencia parcial
Fiabilidad / disponibilidad,Disponibilidad de produccion,No medida,Sin fuente temporal de disponibilidad evaluada,Exito de peticiones de carga no equivale a disponibilidad temporal,Requiere medicion temporal y entorno definidos,No demostrado
Adecuación funcional,Satisfaccion de requisitos funcionales,Sin medicion evaluada,Sin fuente evaluada en este alcance,No se evalua evidencia funcional en este generador,No establecido en esta evaluacion,No evaluado
Mantenibilidad,Indicadores de mantenibilidad,Sin medicion evaluada,Sin fuente evaluada en este alcance,No se auditan reportes de cobertura en este alcance; no se infiere mantenibilidad desde carga,No establecido en esta evaluacion,No evaluado
Seguridad,Indicadores de seguridad,Sin medicion evaluada,Sin fuente evaluada en este alcance,No se ejecutan ni auditan pruebas de seguridad; cero fallos de carga no demuestra seguridad,No establecido en esta evaluacion,No evaluado
Usabilidad,Indicadores de uso,Sin medicion evaluada,Sin fuente evaluada en este alcance,Sin estudio de usuarios evaluado en este alcance,No establecido en esta evaluacion,No evaluado
Portabilidad,Ejecucion en entornos definidos,Sin medicion evaluada,Sin fuente evaluada en este alcance,Sin medicion de portabilidad evaluada en este alcance,No establecido en esta evaluacion,No evaluado
Compatibilidad,Interoperabilidad y coexistencia,Sin medicion evaluada,Sin fuente evaluada en este alcance,Sin evidencia de compatibilidad evaluada en este alcance,No establecido en esta evaluacion,No evaluado
