id_corrida,mecanismo,repeticion,tipo_manipulacion,eventos_totales,manipulaciones_inyectadas,manipulaciones_detectadas,tasa_deteccion_pct,tiempo_verificacion_ms,latencia_registro_ms,estado
1,M0,1,T1,51,1,0,0.0,0.005,0.003,NO_DETECTADO
2,M0,1,T2,51,1,0,0.0,0.001,0.002,NO_DETECTADO
3,M0,1,T3,61,1,0,0.0,0.0,0.002,NO_DETECTADO
4,M0,1,T4,54,1,0,0.0,0.0,0.001,NO_DETECTADO
5,M0,1,T5,59,1,0,0.0,0.0,0.001,NO_DETECTADO
6,M0,2,T1,47,1,0,0.0,0.0,0.001,NO_DETECTADO
7,M0,2,T2,59,1,0,0.0,0.0,0.002,NO_DETECTADO
8,M0,2,T3,62,1,0,0.0,0.0,0.001,NO_DETECTADO
9,M0,2,T4,63,1,0,0.0,0.0,0.002,NO_DETECTADO
10,M0,2,T5,58,1,0,0.0,0.001,0.002,NO_DETECTADO
11,M0,3,T1,65,1,0,0.0,0.0,0.001,NO_DETECTADO
12,M0,3,T2,47,1,0,0.0,0.0,0.001,NO_DETECTADO
13,M0,3,T3,56,1,0,0.0,0.0,0.001,NO_DETECTADO
14,M0,3,T4,55,1,0,0.0,0.0,0.001,NO_DETECTADO
15,M0,3,T5,61,1,0,0.0,0.0,0.001,NO_DETECTADO
16,M0,4,T1,52,1,0,0.0,0.0,0.001,NO_DETECTADO
17,M0,4,T2,58,1,0,0.0,0.0,0.002,NO_DETECTADO
18,M0,4,T3,53,1,0,0.0,0.0,0.002,NO_DETECTADO
19,M0,4,T4,65,1,0,0.0,0.0,0.002,NO_DETECTADO
20,M0,4,T5,61,1,0,0.0,0.0,0.002,NO_DETECTADO
21,M0,5,T1,49,1,0,0.0,0.001,0.002,NO_DETECTADO
22,M0,5,T2,53,1,0,0.0,0.001,0.002,NO_DETECTADO
23,M0,5,T3,63,1,0,0.0,0.0,0.002,NO_DETECTADO
24,M0,5,T4,57,1,0,0.0,0.001,0.002,NO_DETECTADO
25,M0,5,T5,46,1,0,0.0,0.0,0.003,NO_DETECTADO
26,M0,6,T1,49,1,0,0.0,0.001,0.002,NO_DETECTADO
27,M0,6,T2,48,1,0,0.0,0.001,0.002,NO_DETECTADO
28,M0,6,T3,64,1,0,0.0,0.001,0.002,NO_DETECTADO
29,M0,6,T4,52,1,0,0.0,0.0,0.002,NO_DETECTADO
30,M0,6,T5,45,1,0,0.0,0.001,0.002,NO_DETECTADO
31,M0,7,T1,51,1,0,0.0,0.0,0.002,NO_DETECTADO
32,M0,7,T2,63,1,0,0.0,0.0,0.002,NO_DETECTADO
33,M0,7,T3,65,1,0,0.0,0.001,0.002,NO_DETECTADO
34,M0,7,T4,55,1,0,0.0,0.001,0.002,NO_DETECTADO
35,M0,7,T5,48,1,0,0.0,0.0,0.002,NO_DETECTADO
36,M0,8,T1,59,1,0,0.0,0.0,0.002,NO_DETECTADO
37,M0,8,T2,57,1,0,0.0,0.0,0.002,NO_DETECTADO
38,M0,8,T3,48,1,0,0.0,0.0,0.002,NO_DETECTADO
39,M0,8,T4,54,1,0,0.0,0.0,0.002,NO_DETECTADO
40,M0,8,T5,57,1,0,0.0,0.0,0.001,NO_DETECTADO
41,M0,9,T1,62,1,0,0.0,0.0,0.001,NO_DETECTADO
42,M0,9,T2,55,1,0,0.0,0.0,0.002,NO_DETECTADO
43,M0,9,T3,59,1,0,0.0,0.0,0.002,NO_DETECTADO
44,M0,9,T4,62,1,0,0.0,0.0,0.001,NO_DETECTADO
45,M0,9,T5,51,1,0,0.0,0.0,0.001,NO_DETECTADO
46,M0,10,T1,60,1,0,0.0,0.0,0.002,NO_DETECTADO
47,M0,10,T2,58,1,0,0.0,0.0,0.002,NO_DETECTADO
48,M0,10,T3,55,1,0,0.0,0.0,0.002,NO_DETECTADO
49,M0,10,T4,55,1,0,0.0,0.0,0.002,NO_DETECTADO
50,M0,10,T5,52,1,0,0.0,0.0,0.002,NO_DETECTADO
51,M0,11,T1,65,1,0,0.0,0.001,0.002,NO_DETECTADO
52,M0,11,T2,64,1,0,0.0,0.0,0.002,NO_DETECTADO
53,M0,11,T3,64,1,0,0.0,0.0,0.002,NO_DETECTADO
54,M0,11,T4,59,1,0,0.0,0.0,0.002,NO_DETECTADO
55,M0,11,T5,53,1,0,0.0,0.001,0.002,NO_DETECTADO
56,M0,12,T1,47,1,0,0.0,0.0,0.002,NO_DETECTADO
57,M0,12,T2,65,1,0,0.0,0.0,0.001,NO_DETECTADO
58,M0,12,T3,49,1,0,0.0,0.001,0.001,NO_DETECTADO
59,M0,12,T4,53,1,0,0.0,0.0,0.001,NO_DETECTADO
60,M0,12,T5,56,1,0,0.0,0.0,0.002,NO_DETECTADO
61,M0,13,T1,55,1,0,0.0,0.001,0.002,NO_DETECTADO
62,M0,13,T2,47,1,0,0.0,0.0,0.001,NO_DETECTADO
63,M0,13,T3,45,1,0,0.0,0.0,0.001,NO_DETECTADO
64,M0,13,T4,55,1,0,0.0,0.0,0.001,NO_DETECTADO
65,M0,13,T5,57,1,0,0.0,0.0,0.001,NO_DETECTADO
66,M0,14,T1,61,1,0,0.0,0.0,0.001,NO_DETECTADO
67,M0,14,T2,49,1,0,0.0,0.0,0.001,NO_DETECTADO
68,M0,14,T3,61,1,0,0.0,0.0,0.001,NO_DETECTADO
69,M0,14,T4,61,1,0,0.0,0.0,0.001,NO_DETECTADO
70,M0,14,T5,48,1,0,0.0,0.0,0.001,NO_DETECTADO
71,M0,15,T1,52,1,0,0.0,0.0,0.002,NO_DETECTADO
72,M0,15,T2,50,1,0,0.0,0.0,0.001,NO_DETECTADO
73,M0,15,T3,59,1,0,0.0,0.0,0.001,NO_DETECTADO
74,M0,15,T4,62,1,0,0.0,0.0,0.001,NO_DETECTADO
75,M0,15,T5,46,1,0,0.0,0.0,0.002,NO_DETECTADO
76,M0,16,T1,63,1,0,0.0,0.0,0.001,NO_DETECTADO
77,M0,16,T2,54,1,0,0.0,0.0,0.001,NO_DETECTADO
78,M0,16,T3,61,1,0,0.0,0.0,0.001,NO_DETECTADO
79,M0,16,T4,58,1,0,0.0,0.0,0.001,NO_DETECTADO
80,M0,16,T5,50,1,0,0.0,0.0,0.001,NO_DETECTADO
81,M0,17,T1,56,1,0,0.0,0.0,0.001,NO_DETECTADO
82,M0,17,T2,59,1,0,0.0,0.0,0.002,NO_DETECTADO
83,M0,17,T3,64,1,0,0.0,0.0,0.002,NO_DETECTADO
84,M0,17,T4,47,1,0,0.0,0.0,0.001,NO_DETECTADO
85,M0,17,T5,55,1,0,0.0,0.0,0.001,NO_DETECTADO
86,M0,18,T1,48,1,0,0.0,0.0,0.001,NO_DETECTADO
87,M0,18,T2,58,1,0,0.0,0.0,0.001,NO_DETECTADO
88,M0,18,T3,65,1,0,0.0,0.0,0.002,NO_DETECTADO
89,M0,18,T4,64,1,0,0.0,0.0,0.001,NO_DETECTADO
90,M0,18,T5,62,1,0,0.0,0.0,0.001,NO_DETECTADO
91,M0,19,T1,45,1,0,0.0,0.0,0.001,NO_DETECTADO
92,M0,19,T2,50,1,0,0.0,0.0,0.002,NO_DETECTADO
93,M0,19,T3,48,1,0,0.0,0.0,0.002,NO_DETECTADO
94,M0,19,T4,61,1,0,0.0,0.0,0.001,NO_DETECTADO
95,M0,19,T5,64,1,0,0.0,0.0,0.002,NO_DETECTADO
96,M0,20,T1,45,1,0,0.0,0.0,0.001,NO_DETECTADO
97,M0,20,T2,57,1,0,0.0,0.0,0.001,NO_DETECTADO
98,M0,20,T3,45,1,0,0.0,0.0,0.001,NO_DETECTADO
99,M0,20,T4,46,1,0,0.0,0.0,0.001,NO_DETECTADO
100,M0,20,T5,48,1,0,0.0,0.0,0.001,NO_DETECTADO
101,M0,21,T1,52,1,0,0.0,0.0,0.001,NO_DETECTADO
102,M0,21,T2,62,1,0,0.0,0.0,0.001,NO_DETECTADO
103,M0,21,T3,60,1,0,0.0,0.0,0.001,NO_DETECTADO
104,M0,21,T4,58,1,0,0.0,0.0,0.002,NO_DETECTADO
105,M0,21,T5,60,1,0,0.0,0.0,0.001,NO_DETECTADO
106,M0,22,T1,53,1,0,0.0,0.0,0.001,NO_DETECTADO
107,M0,22,T2,46,1,0,0.0,0.0,0.001,NO_DETECTADO
108,M0,22,T3,64,1,0,0.0,0.0,0.001,NO_DETECTADO
109,M0,22,T4,61,1,0,0.0,0.0,0.001,NO_DETECTADO
110,M0,22,T5,55,1,0,0.0,0.0,0.001,NO_DETECTADO
111,M0,23,T1,63,1,0,0.0,0.0,0.002,NO_DETECTADO
112,M0,23,T2,47,1,0,0.0,0.0,0.002,NO_DETECTADO
113,M0,23,T3,59,1,0,0.0,0.0,0.001,NO_DETECTADO
114,M0,23,T4,52,1,0,0.0,0.0,0.001,NO_DETECTADO
115,M0,23,T5,48,1,0,0.0,0.0,0.002,NO_DETECTADO
116,M0,24,T1,60,1,0,0.0,0.0,0.002,NO_DETECTADO
117,M0,24,T2,63,1,0,0.0,0.0,0.002,NO_DETECTADO
118,M0,24,T3,61,1,0,0.0,0.0,0.001,NO_DETECTADO
119,M0,24,T4,54,1,0,0.0,0.0,0.002,NO_DETECTADO
120,M0,24,T5,47,1,0,0.0,0.0,0.001,NO_DETECTADO
121,M0,25,T1,64,1,0,0.0,0.001,0.001,NO_DETECTADO
122,M0,25,T2,51,1,0,0.0,0.0,0.002,NO_DETECTADO
123,M0,25,T3,46,1,0,0.0,0.0,0.002,NO_DETECTADO
124,M0,25,T4,56,1,0,0.0,0.0,0.003,NO_DETECTADO
125,M0,25,T5,47,1,0,0.0,0.001,0.002,NO_DETECTADO
126,M0,26,T1,55,1,0,0.0,0.0,0.002,NO_DETECTADO
127,M0,26,T2,49,1,0,0.0,0.001,0.002,NO_DETECTADO
128,M0,26,T3,47,1,0,0.0,0.0,0.001,NO_DETECTADO
129,M0,26,T4,51,1,0,0.0,0.0,0.001,NO_DETECTADO
130,M0,26,T5,63,1,0,0.0,0.0,0.001,NO_DETECTADO
131,M0,27,T1,60,1,0,0.0,0.0,0.001,NO_DETECTADO
132,M0,27,T2,65,1,0,0.0,0.0,0.002,NO_DETECTADO
133,M0,27,T3,62,1,0,0.0,0.0,0.001,NO_DETECTADO
134,M0,27,T4,63,1,0,0.0,0.0,0.002,NO_DETECTADO
135,M0,27,T5,58,1,0,0.0,0.0,0.001,NO_DETECTADO
136,M0,28,T1,65,1,0,0.0,0.0,0.001,NO_DETECTADO
137,M0,28,T2,54,1,0,0.0,0.0,0.001,NO_DETECTADO
138,M0,28,T3,55,1,0,0.0,0.0,0.001,NO_DETECTADO
139,M0,28,T4,54,1,0,0.0,0.0,0.001,NO_DETECTADO
140,M0,28,T5,61,1,0,0.0,0.0,0.001,NO_DETECTADO
141,M0,29,T1,59,1,0,0.0,0.0,0.001,NO_DETECTADO
142,M0,29,T2,59,1,0,0.0,0.001,0.002,NO_DETECTADO
143,M0,29,T3,59,1,0,0.0,0.0,0.002,NO_DETECTADO
144,M0,29,T4,57,1,0,0.0,0.0,0.002,NO_DETECTADO
145,M0,29,T5,57,1,0,0.0,0.001,0.002,NO_DETECTADO
146,M0,30,T1,52,1,0,0.0,0.0,0.001,NO_DETECTADO
147,M0,30,T2,54,1,0,0.0,0.0,0.001,NO_DETECTADO
148,M0,30,T3,57,1,0,0.0,0.001,0.002,NO_DETECTADO
149,M0,30,T4,56,1,0,0.0,0.0,0.002,NO_DETECTADO
150,M0,30,T5,63,1,0,0.0,0.0,0.002,NO_DETECTADO
151,M1,1,T1,56,1,0,0.0,0.001,0.002,NO_DETECTADO
152,M1,1,T2,49,1,0,0.0,0.0,0.002,NO_DETECTADO
153,M1,1,T3,60,1,0,0.0,0.001,0.002,NO_DETECTADO
154,M1,1,T4,60,1,0,0.0,0.0,0.002,NO_DETECTADO
155,M1,1,T5,57,1,0,0.0,0.0,0.002,NO_DETECTADO
156,M1,2,T1,47,1,0,0.0,0.001,0.002,NO_DETECTADO
157,M1,2,T2,45,1,0,0.0,0.001,0.003,NO_DETECTADO
158,M1,2,T3,60,1,0,0.0,0.001,0.002,NO_DETECTADO
159,M1,2,T4,54,1,0,0.0,0.001,0.002,NO_DETECTADO
160,M1,2,T5,45,1,0,0.0,0.0,0.002,NO_DETECTADO
161,M1,3,T1,60,1,0,0.0,0.0,0.002,NO_DETECTADO
162,M1,3,T2,59,1,0,0.0,0.0,0.002,NO_DETECTADO
163,M1,3,T3,47,1,0,0.0,0.0,0.002,NO_DETECTADO
164,M1,3,T4,64,1,0,0.0,0.0,0.003,NO_DETECTADO
165,M1,3,T5,61,1,0,0.0,0.001,0.002,NO_DETECTADO
166,M1,4,T1,53,1,0,0.0,0.001,0.002,NO_DETECTADO
167,M1,4,T2,54,1,0,0.0,0.001,0.003,NO_DETECTADO
168,M1,4,T3,46,1,0,0.0,0.0,0.002,NO_DETECTADO
169,M1,4,T4,54,1,0,0.0,0.0,0.002,NO_DETECTADO
170,M1,4,T5,65,1,0,0.0,0.0,0.002,NO_DETECTADO
171,M1,5,T1,50,1,0,0.0,0.0,0.002,NO_DETECTADO
172,M1,5,T2,53,1,0,0.0,0.0,0.002,NO_DETECTADO
173,M1,5,T3,61,1,0,0.0,0.0,0.002,NO_DETECTADO
174,M1,5,T4,65,1,0,0.0,0.0,0.002,NO_DETECTADO
175,M1,5,T5,45,1,0,0.0,0.001,0.003,NO_DETECTADO
176,M1,6,T1,48,1,0,0.0,0.0,0.002,NO_DETECTADO
177,M1,6,T2,48,1,0,0.0,0.0,0.002,NO_DETECTADO
178,M1,6,T3,63,1,0,0.0,0.0,0.002,NO_DETECTADO
179,M1,6,T4,46,1,0,0.0,0.0,0.002,NO_DETECTADO
180,M1,6,T5,57,1,0,0.0,0.0,0.002,NO_DETECTADO
181,M1,7,T1,49,1,0,0.0,0.0,0.002,NO_DETECTADO
182,M1,7,T2,60,1,0,0.0,0.0,0.003,NO_DETECTADO
183,M1,7,T3,57,1,0,0.0,0.001,0.002,NO_DETECTADO
184,M1,7,T4,48,1,0,0.0,0.0,0.002,NO_DETECTADO
185,M1,7,T5,64,1,0,0.0,0.0,0.002,NO_DETECTADO
186,M1,8,T1,49,1,0,0.0,0.0,0.002,NO_DETECTADO
187,M1,8,T2,58,1,0,0.0,0.0,0.002,NO_DETECTADO
188,M1,8,T3,63,1,0,0.0,0.0,0.002,NO_DETECTADO
189,M1,8,T4,51,1,0,0.0,0.001,0.002,NO_DETECTADO
190,M1,8,T5,56,1,0,0.0,0.0,0.002,NO_DETECTADO
191,M1,9,T1,51,1,0,0.0,0.001,0.003,NO_DETECTADO
192,M1,9,T2,64,1,0,0.0,0.0,0.002,NO_DETECTADO
193,M1,9,T3,60,1,0,0.0,0.001,0.002,NO_DETECTADO
194,M1,9,T4,63,1,0,0.0,0.001,0.003,NO_DETECTADO
195,M1,9,T5,53,1,0,0.0,0.001,0.002,NO_DETECTADO
196,M1,10,T1,55,1,0,0.0,0.001,0.003,NO_DETECTADO
197,M1,10,T2,59,1,0,0.0,0.001,0.002,NO_DETECTADO
198,M1,10,T3,49,1,0,0.0,0.0,0.002,NO_DETECTADO
199,M1,10,T4,64,1,0,0.0,0.0,0.002,NO_DETECTADO
200,M1,10,T5,58,1,0,0.0,0.0,0.002,NO_DETECTADO
201,M1,11,T1,57,1,0,0.0,0.0,0.002,NO_DETECTADO
202,M1,11,T2,54,1,0,0.0,0.0,0.002,NO_DETECTADO
203,M1,11,T3,56,1,0,0.0,0.0,0.002,NO_DETECTADO
204,M1,11,T4,47,1,0,0.0,0.0,0.002,NO_DETECTADO
205,M1,11,T5,65,1,0,0.0,0.0,0.002,NO_DETECTADO
206,M1,12,T1,61,1,0,0.0,0.001,0.002,NO_DETECTADO
207,M1,12,T2,51,1,0,0.0,0.001,0.003,NO_DETECTADO
208,M1,12,T3,55,1,0,0.0,0.001,0.002,NO_DETECTADO
209,M1,12,T4,48,1,0,0.0,0.0,0.002,NO_DETECTADO
210,M1,12,T5,51,1,0,0.0,0.0,0.002,NO_DETECTADO
211,M1,13,T1,47,1,0,0.0,0.0,0.003,NO_DETECTADO
212,M1,13,T2,52,1,0,0.0,0.0,0.002,NO_DETECTADO
213,M1,13,T3,61,1,0,0.0,0.0,0.002,NO_DETECTADO
214,M1,13,T4,59,1,0,0.0,0.0,0.002,NO_DETECTADO
215,M1,13,T5,58,1,0,0.0,0.0,0.002,NO_DETECTADO
216,M1,14,T1,49,1,0,0.0,0.0,0.002,NO_DETECTADO
217,M1,14,T2,47,1,0,0.0,0.0,0.002,NO_DETECTADO
218,M1,14,T3,61,1,0,0.0,0.001,0.002,NO_DETECTADO
219,M1,14,T4,49,1,0,0.0,0.0,0.002,NO_DETECTADO
220,M1,14,T5,53,1,0,0.0,0.0,0.002,NO_DETECTADO
221,M1,15,T1,52,1,0,0.0,0.0,0.002,NO_DETECTADO
222,M1,15,T2,54,1,0,0.0,0.0,0.002,NO_DETECTADO
223,M1,15,T3,60,1,0,0.0,0.0,0.002,NO_DETECTADO
224,M1,15,T4,65,1,0,0.0,0.0,0.002,NO_DETECTADO
225,M1,15,T5,52,1,0,0.0,0.0,0.002,NO_DETECTADO
226,M1,16,T1,52,1,0,0.0,0.0,0.002,NO_DETECTADO
227,M1,16,T2,63,1,0,0.0,0.0,0.002,NO_DETECTADO
228,M1,16,T3,56,1,0,0.0,0.0,0.002,NO_DETECTADO
229,M1,16,T4,56,1,0,0.0,0.0,0.002,NO_DETECTADO
230,M1,16,T5,49,1,0,0.0,0.0,0.002,NO_DETECTADO
231,M1,17,T1,57,1,0,0.0,0.0,0.002,NO_DETECTADO
232,M1,17,T2,57,1,0,0.0,0.0,0.002,NO_DETECTADO
233,M1,17,T3,48,1,0,0.0,0.0,0.002,NO_DETECTADO
234,M1,17,T4,55,1,0,0.0,0.0,0.002,NO_DETECTADO
235,M1,17,T5,63,1,0,0.0,0.0,0.002,NO_DETECTADO
236,M1,18,T1,57,1,0,0.0,0.0,0.002,NO_DETECTADO
237,M1,18,T2,46,1,0,0.0,0.001,0.003,NO_DETECTADO
238,M1,18,T3,62,1,0,0.0,0.0,0.002,NO_DETECTADO
239,M1,18,T4,65,1,0,0.0,0.0,0.002,NO_DETECTADO
240,M1,18,T5,54,1,0,0.0,0.0,0.002,NO_DETECTADO
241,M1,19,T1,47,1,0,0.0,0.0,0.002,NO_DETECTADO
242,M1,19,T2,51,1,0,0.0,0.0,0.002,NO_DETECTADO
243,M1,19,T3,45,1,0,0.0,0.0,0.002,NO_DETECTADO
244,M1,19,T4,46,1,0,0.0,0.0,0.002,NO_DETECTADO
245,M1,19,T5,45,1,0,0.0,0.0,0.002,NO_DETECTADO
246,M1,20,T1,57,1,0,0.0,0.0,0.002,NO_DETECTADO
247,M1,20,T2,61,1,0,0.0,0.0,0.002,NO_DETECTADO
248,M1,20,T3,56,1,0,0.0,0.001,0.002,NO_DETECTADO
249,M1,20,T4,55,1,0,0.0,0.001,0.003,NO_DETECTADO
250,M1,20,T5,52,1,0,0.0,0.0,0.003,NO_DETECTADO
251,M1,21,T1,58,1,0,0.0,0.001,0.003,NO_DETECTADO
252,M1,21,T2,47,1,0,0.0,0.0,0.003,NO_DETECTADO
253,M1,21,T3,53,1,0,0.0,0.0,0.003,NO_DETECTADO
254,M1,21,T4,48,1,0,0.0,0.001,0.003,NO_DETECTADO
255,M1,21,T5,48,1,0,0.0,0.0,0.003,NO_DETECTADO
256,M1,22,T1,60,1,0,0.0,0.001,0.003,NO_DETECTADO
257,M1,22,T2,50,1,0,0.0,0.001,0.003,NO_DETECTADO
258,M1,22,T3,56,1,0,0.0,0.001,0.003,NO_DETECTADO
259,M1,22,T4,51,1,0,0.0,0.0,0.002,NO_DETECTADO
260,M1,22,T5,58,1,0,0.0,0.0,0.002,NO_DETECTADO
261,M1,23,T1,53,1,0,0.0,0.001,0.002,NO_DETECTADO
262,M1,23,T2,50,1,0,0.0,0.0,0.002,NO_DETECTADO
263,M1,23,T3,48,1,0,0.0,0.001,0.002,NO_DETECTADO
264,M1,23,T4,46,1,0,0.0,0.0,0.002,NO_DETECTADO
265,M1,23,T5,53,1,0,0.0,0.001,0.002,NO_DETECTADO
266,M1,24,T1,45,1,0,0.0,0.0,0.002,NO_DETECTADO
267,M1,24,T2,50,1,0,0.0,0.0,0.002,NO_DETECTADO
268,M1,24,T3,49,1,0,0.0,0.0,0.002,NO_DETECTADO
269,M1,24,T4,59,1,0,0.0,0.0,0.002,NO_DETECTADO
270,M1,24,T5,54,1,0,0.0,0.0,0.002,NO_DETECTADO
271,M1,25,T1,56,1,0,0.0,0.0,0.002,NO_DETECTADO
272,M1,25,T2,62,1,0,0.0,0.0,0.002,NO_DETECTADO
273,M1,25,T3,52,1,0,0.0,0.0,0.002,NO_DETECTADO
274,M1,25,T4,45,1,0,0.0,0.0,0.002,NO_DETECTADO
275,M1,25,T5,49,1,0,0.0,0.0,0.002,NO_DETECTADO
276,M1,26,T1,57,1,0,0.0,0.0,0.002,NO_DETECTADO
277,M1,26,T2,62,1,0,0.0,0.0,0.002,NO_DETECTADO
278,M1,26,T3,58,1,0,0.0,0.0,0.002,NO_DETECTADO
279,M1,26,T4,59,1,0,0.0,0.0,0.002,NO_DETECTADO
280,M1,26,T5,61,1,0,0.0,0.0,0.002,NO_DETECTADO
281,M1,27,T1,63,1,0,0.0,0.0,0.002,NO_DETECTADO
282,M1,27,T2,56,1,0,0.0,0.0,0.002,NO_DETECTADO
283,M1,27,T3,47,1,0,0.0,0.0,0.002,NO_DETECTADO
284,M1,27,T4,63,1,0,0.0,0.0,0.002,NO_DETECTADO
285,M1,27,T5,60,1,0,0.0,0.0,0.002,NO_DETECTADO
286,M1,28,T1,52,1,0,0.0,0.0,0.002,NO_DETECTADO
287,M1,28,T2,48,1,0,0.0,0.0,0.002,NO_DETECTADO
288,M1,28,T3,57,1,0,0.0,0.0,0.002,NO_DETECTADO
289,M1,28,T4,49,1,0,0.0,0.0,0.002,NO_DETECTADO
290,M1,28,T5,53,1,0,0.0,0.0,0.002,NO_DETECTADO
291,M1,29,T1,59,1,0,0.0,0.0,0.003,NO_DETECTADO
292,M1,29,T2,65,1,0,0.0,0.001,0.003,NO_DETECTADO
293,M1,29,T3,55,1,0,0.0,0.001,0.003,NO_DETECTADO
294,M1,29,T4,65,1,0,0.0,0.001,0.003,NO_DETECTADO
295,M1,29,T5,49,1,0,0.0,0.001,0.003,NO_DETECTADO
296,M1,30,T1,45,1,0,0.0,0.0,0.002,NO_DETECTADO
297,M1,30,T2,65,1,0,0.0,0.0,0.002,NO_DETECTADO
298,M1,30,T3,46,1,0,0.0,0.0,0.002,NO_DETECTADO
299,M1,30,T4,57,1,0,0.0,0.0,0.002,NO_DETECTADO
300,M1,30,T5,62,1,0,0.0,0.0,0.002,NO_DETECTADO
301,M2,1,T1,51,1,1,100.0,0.031,0.004,DETECTADO
302,M2,1,T2,54,1,1,100.0,0.023,0.004,DETECTADO
303,M2,1,T3,57,1,1,100.0,0.016,0.003,DETECTADO
304,M2,1,T4,60,1,1,100.0,0.011,0.003,DETECTADO
305,M2,1,T5,49,1,1,100.0,0.011,0.003,DETECTADO
306,M2,2,T1,45,1,1,100.0,0.01,0.003,DETECTADO
307,M2,2,T2,54,1,1,100.0,0.014,0.003,DETECTADO
308,M2,2,T3,53,1,1,100.0,0.016,0.004,DETECTADO
309,M2,2,T4,55,1,1,100.0,0.015,0.004,DETECTADO
310,M2,2,T5,52,1,1,100.0,0.02,0.004,DETECTADO
311,M2,3,T1,62,1,1,100.0,0.012,0.004,DETECTADO
312,M2,3,T2,51,1,1,100.0,0.009,0.003,DETECTADO
313,M2,3,T3,65,1,1,100.0,0.01,0.003,DETECTADO
314,M2,3,T4,57,1,1,100.0,0.009,0.003,DETECTADO
315,M2,3,T5,48,1,1,100.0,0.008,0.003,DETECTADO
316,M2,4,T1,50,1,1,100.0,0.008,0.003,DETECTADO
317,M2,4,T2,60,1,1,100.0,0.009,0.003,DETECTADO
318,M2,4,T3,65,1,1,100.0,0.011,0.003,DETECTADO
319,M2,4,T4,48,1,1,100.0,0.008,0.003,DETECTADO
320,M2,4,T5,64,1,1,100.0,0.027,0.003,DETECTADO
321,M2,5,T1,46,1,1,100.0,0.013,0.004,DETECTADO
322,M2,5,T2,47,1,1,100.0,0.013,0.004,DETECTADO
323,M2,5,T3,50,1,1,100.0,0.012,0.004,DETECTADO
324,M2,5,T4,63,1,1,100.0,0.015,0.004,DETECTADO
325,M2,5,T5,65,1,1,100.0,0.017,0.004,DETECTADO
326,M2,6,T1,58,1,1,100.0,0.013,0.004,DETECTADO
327,M2,6,T2,50,1,1,100.0,0.013,0.004,DETECTADO
328,M2,6,T3,56,1,1,100.0,0.014,0.004,DETECTADO
329,M2,6,T4,58,1,1,100.0,0.014,0.004,DETECTADO
330,M2,6,T5,60,1,1,100.0,0.015,0.004,DETECTADO
331,M2,7,T1,52,1,1,100.0,0.014,0.004,DETECTADO
332,M2,7,T2,46,1,1,100.0,0.016,0.004,DETECTADO
333,M2,7,T3,45,1,1,100.0,0.011,0.004,DETECTADO
334,M2,7,T4,49,1,1,100.0,0.013,0.003,DETECTADO
335,M2,7,T5,65,1,1,100.0,0.015,0.004,DETECTADO
336,M2,8,T1,64,1,1,100.0,0.009,0.003,DETECTADO
337,M2,8,T2,48,1,1,100.0,0.008,0.003,DETECTADO
338,M2,8,T3,55,1,1,100.0,0.012,0.003,DETECTADO
339,M2,8,T4,46,1,1,100.0,0.01,0.004,DETECTADO
340,M2,8,T5,51,1,1,100.0,0.009,0.003,DETECTADO
341,M2,9,T1,53,1,1,100.0,0.008,0.003,DETECTADO
342,M2,9,T2,55,1,1,100.0,0.016,0.003,DETECTADO
343,M2,9,T3,55,1,1,100.0,0.019,0.004,DETECTADO
344,M2,9,T4,49,1,1,100.0,0.018,0.004,DETECTADO
345,M2,9,T5,58,1,1,100.0,0.019,0.004,DETECTADO
346,M2,10,T1,47,1,1,100.0,0.013,0.004,DETECTADO
347,M2,10,T2,61,1,1,100.0,0.017,0.004,DETECTADO
348,M2,10,T3,54,1,1,100.0,0.009,0.003,DETECTADO
349,M2,10,T4,46,1,1,100.0,0.013,0.003,DETECTADO
350,M2,10,T5,56,1,1,100.0,0.011,0.003,DETECTADO
351,M2,11,T1,52,1,1,100.0,0.007,0.003,DETECTADO
352,M2,11,T2,61,1,1,100.0,0.01,0.003,DETECTADO
353,M2,11,T3,58,1,1,100.0,0.013,0.003,DETECTADO
354,M2,11,T4,52,1,1,100.0,0.009,0.003,DETECTADO
355,M2,11,T5,52,1,1,100.0,0.016,0.004,DETECTADO
356,M2,12,T1,54,1,1,100.0,0.012,0.004,DETECTADO
357,M2,12,T2,64,1,1,100.0,0.011,0.003,DETECTADO
358,M2,12,T3,52,1,1,100.0,0.017,0.004,DETECTADO
359,M2,12,T4,51,1,1,100.0,0.011,0.003,DETECTADO
360,M2,12,T5,54,1,1,100.0,0.009,0.003,DETECTADO
361,M2,13,T1,56,1,1,100.0,0.008,0.004,DETECTADO
362,M2,13,T2,59,1,1,100.0,0.009,0.003,DETECTADO
363,M2,13,T3,59,1,1,100.0,0.011,0.003,DETECTADO
364,M2,13,T4,45,1,1,100.0,0.008,0.003,DETECTADO
365,M2,13,T5,64,1,1,100.0,0.013,0.003,DETECTADO
366,M2,14,T1,65,1,1,100.0,0.009,0.003,DETECTADO
367,M2,14,T2,58,1,1,100.0,0.012,0.004,DETECTADO
368,M2,14,T3,61,1,1,100.0,0.01,0.003,DETECTADO
369,M2,14,T4,50,1,1,100.0,0.008,0.003,DETECTADO
370,M2,14,T5,59,1,1,100.0,0.009,0.003,DETECTADO
371,M2,15,T1,59,1,1,100.0,0.008,0.003,DETECTADO
372,M2,15,T2,55,1,1,100.0,0.012,0.003,DETECTADO
373,M2,15,T3,58,1,1,100.0,0.011,0.003,DETECTADO
374,M2,15,T4,57,1,1,100.0,0.011,0.004,DETECTADO
375,M2,15,T5,59,1,1,100.0,0.009,0.003,DETECTADO
376,M2,16,T1,48,1,1,100.0,0.007,0.003,DETECTADO
377,M2,16,T2,50,1,1,100.0,0.009,0.003,DETECTADO
378,M2,16,T3,60,1,1,100.0,0.015,0.004,DETECTADO
379,M2,16,T4,65,1,1,100.0,0.011,0.003,DETECTADO
380,M2,16,T5,65,1,1,100.0,0.01,0.003,DETECTADO
381,M2,17,T1,61,1,1,100.0,0.011,0.003,DETECTADO
382,M2,17,T2,62,1,1,100.0,0.016,0.005,DETECTADO
383,M2,17,T3,59,1,1,100.0,0.01,0.003,DETECTADO
384,M2,17,T4,55,1,1,100.0,0.012,0.003,DETECTADO
385,M2,17,T5,55,1,1,100.0,0.02,0.004,DETECTADO
386,M2,18,T1,65,1,1,100.0,0.018,0.004,DETECTADO
387,M2,18,T2,57,1,1,100.0,0.015,0.003,DETECTADO
388,M2,18,T3,51,1,1,100.0,0.014,0.003,DETECTADO
389,M2,18,T4,53,1,1,100.0,0.011,0.004,DETECTADO
390,M2,18,T5,47,1,1,100.0,0.008,0.003,DETECTADO
391,M2,19,T1,65,1,1,100.0,0.012,0.004,DETECTADO
392,M2,19,T2,59,1,1,100.0,0.014,0.004,DETECTADO
393,M2,19,T3,51,1,1,100.0,0.017,0.004,DETECTADO
394,M2,19,T4,62,1,1,100.0,0.011,0.003,DETECTADO
395,M2,19,T5,64,1,1,100.0,0.013,0.003,DETECTADO
396,M2,20,T1,53,1,1,100.0,0.007,0.003,DETECTADO
397,M2,20,T2,55,1,1,100.0,0.011,0.003,DETECTADO
398,M2,20,T3,55,1,1,100.0,0.017,0.004,DETECTADO
399,M2,20,T4,53,1,1,100.0,0.017,0.004,DETECTADO
400,M2,20,T5,57,1,1,100.0,0.011,0.003,DETECTADO
401,M2,21,T1,55,1,1,100.0,0.008,0.003,DETECTADO
402,M2,21,T2,57,1,1,100.0,0.009,0.003,DETECTADO
403,M2,21,T3,50,1,1,100.0,0.008,0.003,DETECTADO
404,M2,21,T4,47,1,1,100.0,0.008,0.003,DETECTADO
405,M2,21,T5,45,1,1,100.0,0.008,0.003,DETECTADO
406,M2,22,T1,55,1,1,100.0,0.007,0.003,DETECTADO
407,M2,22,T2,64,1,1,100.0,0.011,0.003,DETECTADO
408,M2,22,T3,63,1,1,100.0,0.01,0.003,DETECTADO
409,M2,22,T4,52,1,1,100.0,0.008,0.003,DETECTADO
410,M2,22,T5,45,1,1,100.0,0.008,0.003,DETECTADO
411,M2,23,T1,50,1,1,100.0,0.007,0.003,DETECTADO
412,M2,23,T2,55,1,1,100.0,0.009,0.003,DETECTADO
413,M2,23,T3,46,1,1,100.0,0.008,0.003,DETECTADO
414,M2,23,T4,49,1,1,100.0,0.011,0.004,DETECTADO
415,M2,23,T5,65,1,1,100.0,0.011,0.003,DETECTADO
416,M2,24,T1,65,1,1,100.0,0.008,0.003,DETECTADO
417,M2,24,T2,52,1,1,100.0,0.012,0.003,DETECTADO
418,M2,24,T3,59,1,1,100.0,0.011,0.003,DETECTADO
419,M2,24,T4,60,1,1,100.0,0.01,0.003,DETECTADO
420,M2,24,T5,61,1,1,100.0,0.016,0.004,DETECTADO
421,M2,25,T1,61,1,1,100.0,0.01,0.003,DETECTADO
422,M2,25,T2,59,1,1,100.0,0.012,0.003,DETECTADO
423,M2,25,T3,57,1,1,100.0,0.009,0.003,DETECTADO
424,M2,25,T4,45,1,1,100.0,0.008,0.003,DETECTADO
425,M2,25,T5,52,1,1,100.0,0.01,0.003,DETECTADO
426,M2,26,T1,47,1,1,100.0,0.01,0.003,DETECTADO
427,M2,26,T2,59,1,1,100.0,0.011,0.003,DETECTADO
428,M2,26,T3,53,1,1,100.0,0.009,0.003,DETECTADO
429,M2,26,T4,51,1,1,100.0,0.009,0.003,DETECTADO
430,M2,26,T5,64,1,1,100.0,0.01,0.003,DETECTADO
431,M2,27,T1,53,1,1,100.0,0.007,0.003,DETECTADO
432,M2,27,T2,47,1,1,100.0,0.008,0.003,DETECTADO
433,M2,27,T3,61,1,1,100.0,0.01,0.003,DETECTADO
434,M2,27,T4,63,1,1,100.0,0.01,0.003,DETECTADO
435,M2,27,T5,49,1,1,100.0,0.008,0.003,DETECTADO
436,M2,28,T1,59,1,1,100.0,0.007,0.003,DETECTADO
437,M2,28,T2,54,1,1,100.0,0.009,0.003,DETECTADO
438,M2,28,T3,52,1,1,100.0,0.008,0.003,DETECTADO
439,M2,28,T4,45,1,1,100.0,0.007,0.003,DETECTADO
440,M2,28,T5,56,1,1,100.0,0.009,0.003,DETECTADO
441,M2,29,T1,53,1,1,100.0,0.007,0.003,DETECTADO
442,M2,29,T2,59,1,1,100.0,0.009,0.003,DETECTADO
443,M2,29,T3,58,1,1,100.0,0.009,0.003,DETECTADO
444,M2,29,T4,49,1,1,100.0,0.008,0.003,DETECTADO
445,M2,29,T5,64,1,1,100.0,0.01,0.003,DETECTADO
446,M2,30,T1,52,1,1,100.0,0.01,0.003,DETECTADO
447,M2,30,T2,45,1,1,100.0,0.013,0.004,DETECTADO
448,M2,30,T3,46,1,1,100.0,0.009,0.003,DETECTADO
449,M2,30,T4,59,1,1,100.0,0.01,0.003,DETECTADO
450,M2,30,T5,63,1,1,100.0,0.01,0.003,DETECTADO
451,M3,1,T1,62,1,1,100.0,0.01,0.005,DETECTADO
452,M3,1,T2,65,1,1,100.0,0.01,0.004,DETECTADO
453,M3,1,T3,58,1,1,100.0,0.009,0.004,DETECTADO
454,M3,1,T4,63,1,1,100.0,0.019,0.005,DETECTADO
455,M3,1,T5,58,1,1,100.0,0.01,0.004,DETECTADO
456,M3,2,T1,48,1,1,100.0,0.007,0.004,DETECTADO
457,M3,2,T2,52,1,1,100.0,0.009,0.004,DETECTADO
458,M3,2,T3,65,1,1,100.0,0.012,0.004,DETECTADO
459,M3,2,T4,54,1,1,100.0,0.01,0.004,DETECTADO
460,M3,2,T5,54,1,1,100.0,0.009,0.004,DETECTADO
461,M3,3,T1,53,1,1,100.0,0.01,0.004,DETECTADO
462,M3,3,T2,60,1,1,100.0,0.021,0.006,DETECTADO
463,M3,3,T3,49,1,1,100.0,0.013,0.004,DETECTADO
464,M3,3,T4,51,1,1,100.0,0.017,0.005,DETECTADO
465,M3,3,T5,55,1,1,100.0,0.074,0.005,DETECTADO
466,M3,4,T1,48,1,1,100.0,0.014,0.005,DETECTADO
467,M3,4,T2,61,1,1,100.0,0.02,0.005,DETECTADO
468,M3,4,T3,51,1,1,100.0,0.02,0.006,DETECTADO
469,M3,4,T4,52,1,1,100.0,0.014,0.005,DETECTADO
470,M3,4,T5,60,1,1,100.0,0.019,0.005,DETECTADO
471,M3,5,T1,51,1,1,100.0,0.014,0.006,DETECTADO
472,M3,5,T2,49,1,1,100.0,0.015,0.005,DETECTADO
473,M3,5,T3,56,1,1,100.0,0.013,0.005,DETECTADO
474,M3,5,T4,54,1,1,100.0,0.011,0.004,DETECTADO
475,M3,5,T5,59,1,1,100.0,0.016,0.005,DETECTADO
476,M3,6,T1,61,1,1,100.0,0.029,0.006,DETECTADO
477,M3,6,T2,57,1,1,100.0,0.023,0.005,DETECTADO
478,M3,6,T3,62,1,1,100.0,0.014,0.005,DETECTADO
479,M3,6,T4,50,1,1,100.0,0.011,0.005,DETECTADO
480,M3,6,T5,45,1,1,100.0,0.008,0.004,DETECTADO
481,M3,7,T1,56,1,1,100.0,0.008,0.004,DETECTADO
482,M3,7,T2,46,1,1,100.0,0.009,0.004,DETECTADO
483,M3,7,T3,58,1,1,100.0,0.009,0.004,DETECTADO
484,M3,7,T4,51,1,1,100.0,0.015,0.005,DETECTADO
485,M3,7,T5,61,1,1,100.0,0.025,0.006,DETECTADO
486,M3,8,T1,61,1,1,100.0,0.013,0.004,DETECTADO
487,M3,8,T2,46,1,1,100.0,0.012,0.004,DETECTADO
488,M3,8,T3,63,1,1,100.0,0.013,0.005,DETECTADO
489,M3,8,T4,45,1,1,100.0,0.013,0.005,DETECTADO
490,M3,8,T5,50,1,1,100.0,0.01,0.004,DETECTADO
491,M3,9,T1,55,1,1,100.0,0.013,0.005,DETECTADO
492,M3,9,T2,52,1,1,100.0,0.016,0.005,DETECTADO
493,M3,9,T3,56,1,1,100.0,0.017,0.005,DETECTADO
494,M3,9,T4,56,1,1,100.0,0.01,0.004,DETECTADO
495,M3,9,T5,65,1,1,100.0,0.013,0.005,DETECTADO
496,M3,10,T1,61,1,1,100.0,0.01,0.005,DETECTADO
497,M3,10,T2,53,1,1,100.0,0.009,0.004,DETECTADO
498,M3,10,T3,47,1,1,100.0,0.013,0.004,DETECTADO
499,M3,10,T4,55,1,1,100.0,0.014,0.004,DETECTADO
500,M3,10,T5,56,1,1,100.0,0.012,0.004,DETECTADO
501,M3,11,T1,63,1,1,100.0,0.008,0.004,DETECTADO
502,M3,11,T2,56,1,1,100.0,0.009,0.004,DETECTADO
503,M3,11,T3,49,1,1,100.0,0.01,0.004,DETECTADO
504,M3,11,T4,55,1,1,100.0,0.009,0.004,DETECTADO
505,M3,11,T5,47,1,1,100.0,0.008,0.004,DETECTADO
506,M3,12,T1,54,1,1,100.0,0.007,0.004,DETECTADO
507,M3,12,T2,46,1,1,100.0,0.008,0.004,DETECTADO
508,M3,12,T3,49,1,1,100.0,0.009,0.004,DETECTADO
509,M3,12,T4,60,1,1,100.0,0.01,0.004,DETECTADO
510,M3,12,T5,61,1,1,100.0,0.01,0.004,DETECTADO
511,M3,13,T1,60,1,1,100.0,0.008,0.004,DETECTADO
512,M3,13,T2,46,1,1,100.0,0.008,0.004,DETECTADO
513,M3,13,T3,64,1,1,100.0,0.011,0.004,DETECTADO
514,M3,13,T4,55,1,1,100.0,0.009,0.004,DETECTADO
515,M3,13,T5,46,1,1,100.0,0.008,0.004,DETECTADO
516,M3,14,T1,59,1,1,100.0,0.008,0.004,DETECTADO
517,M3,14,T2,51,1,1,100.0,0.008,0.004,DETECTADO
518,M3,14,T3,50,1,1,100.0,0.009,0.004,DETECTADO
519,M3,14,T4,50,1,1,100.0,0.01,0.004,DETECTADO
520,M3,14,T5,55,1,1,100.0,0.011,0.004,DETECTADO
521,M3,15,T1,53,1,1,100.0,0.007,0.004,DETECTADO
522,M3,15,T2,53,1,1,100.0,0.01,0.004,DETECTADO
523,M3,15,T3,58,1,1,100.0,0.01,0.005,DETECTADO
524,M3,15,T4,56,1,1,100.0,0.011,0.004,DETECTADO
525,M3,15,T5,62,1,1,100.0,0.013,0.004,DETECTADO
526,M3,16,T1,48,1,1,100.0,0.013,0.005,DETECTADO
527,M3,16,T2,48,1,1,100.0,0.011,0.004,DETECTADO
528,M3,16,T3,54,1,1,100.0,0.009,0.004,DETECTADO
529,M3,16,T4,60,1,1,100.0,0.017,0.005,DETECTADO
530,M3,16,T5,49,1,1,100.0,0.009,0.004,DETECTADO
531,M3,17,T1,58,1,1,100.0,0.008,0.004,DETECTADO
532,M3,17,T2,59,1,1,100.0,0.012,0.004,DETECTADO
533,M3,17,T3,58,1,1,100.0,0.01,0.004,DETECTADO
534,M3,17,T4,60,1,1,100.0,0.013,0.004,DETECTADO
535,M3,17,T5,54,1,1,100.0,0.01,0.004,DETECTADO
536,M3,18,T1,51,1,1,100.0,0.007,0.004,DETECTADO
537,M3,18,T2,54,1,1,100.0,0.009,0.004,DETECTADO
538,M3,18,T3,63,1,1,100.0,0.01,0.004,DETECTADO
539,M3,18,T4,46,1,1,100.0,0.01,0.004,DETECTADO
540,M3,18,T5,48,1,1,100.0,0.008,0.004,DETECTADO
541,M3,19,T1,45,1,1,100.0,0.006,0.004,DETECTADO
542,M3,19,T2,60,1,1,100.0,0.01,0.004,DETECTADO
543,M3,19,T3,51,1,1,100.0,0.008,0.004,DETECTADO
544,M3,19,T4,45,1,1,100.0,0.008,0.004,DETECTADO
545,M3,19,T5,49,1,1,100.0,0.013,0.005,DETECTADO
546,M3,20,T1,57,1,1,100.0,0.009,0.004,DETECTADO
547,M3,20,T2,62,1,1,100.0,0.01,0.004,DETECTADO
548,M3,20,T3,62,1,1,100.0,0.01,0.004,DETECTADO
549,M3,20,T4,53,1,1,100.0,0.009,0.004,DETECTADO
550,M3,20,T5,60,1,1,100.0,0.01,0.004,DETECTADO
551,M3,21,T1,56,1,1,100.0,0.007,0.004,DETECTADO
552,M3,21,T2,64,1,1,100.0,0.01,0.004,DETECTADO
553,M3,21,T3,46,1,1,100.0,0.008,0.004,DETECTADO
554,M3,21,T4,65,1,1,100.0,0.01,0.004,DETECTADO
555,M3,21,T5,57,1,1,100.0,0.009,0.004,DETECTADO
556,M3,22,T1,57,1,1,100.0,0.007,0.004,DETECTADO
557,M3,22,T2,62,1,1,100.0,0.011,0.004,DETECTADO
558,M3,22,T3,55,1,1,100.0,0.009,0.004,DETECTADO
559,M3,22,T4,56,1,1,100.0,0.013,0.004,DETECTADO
560,M3,22,T5,52,1,1,100.0,0.012,0.004,DETECTADO
561,M3,23,T1,52,1,1,100.0,0.008,0.004,DETECTADO
562,M3,23,T2,57,1,1,100.0,0.01,0.004,DETECTADO
563,M3,23,T3,60,1,1,100.0,0.01,0.004,DETECTADO
564,M3,23,T4,64,1,1,100.0,0.01,0.004,DETECTADO
565,M3,23,T5,65,1,1,100.0,0.011,0.004,DETECTADO
566,M3,24,T1,52,1,1,100.0,0.007,0.004,DETECTADO
567,M3,24,T2,57,1,1,100.0,0.009,0.004,DETECTADO
568,M3,24,T3,62,1,1,100.0,0.01,0.004,DETECTADO
569,M3,24,T4,60,1,1,100.0,0.009,0.004,DETECTADO
570,M3,24,T5,51,1,1,100.0,0.01,0.005,DETECTADO
571,M3,25,T1,45,1,1,100.0,0.01,0.005,DETECTADO
572,M3,25,T2,49,1,1,100.0,0.009,0.004,DETECTADO
573,M3,25,T3,48,1,1,100.0,0.008,0.004,DETECTADO
574,M3,25,T4,62,1,1,100.0,0.01,0.004,DETECTADO
575,M3,25,T5,54,1,1,100.0,0.009,0.004,DETECTADO
576,M3,26,T1,63,1,1,100.0,0.008,0.004,DETECTADO
577,M3,26,T2,46,1,1,100.0,0.008,0.004,DETECTADO
578,M3,26,T3,53,1,1,100.0,0.009,0.004,DETECTADO
579,M3,26,T4,46,1,1,100.0,0.01,0.004,DETECTADO
580,M3,26,T5,64,1,1,100.0,0.011,0.004,DETECTADO
581,M3,27,T1,49,1,1,100.0,0.007,0.004,DETECTADO
582,M3,27,T2,49,1,1,100.0,0.008,0.004,DETECTADO
583,M3,27,T3,54,1,1,100.0,0.009,0.004,DETECTADO
584,M3,27,T4,50,1,1,100.0,0.008,0.004,DETECTADO
585,M3,27,T5,64,1,1,100.0,0.01,0.004,DETECTADO
586,M3,28,T1,59,1,1,100.0,0.007,0.004,DETECTADO
587,M3,28,T2,51,1,1,100.0,0.009,0.004,DETECTADO
588,M3,28,T3,62,1,1,100.0,0.01,0.004,DETECTADO
589,M3,28,T4,65,1,1,100.0,0.01,0.004,DETECTADO
590,M3,28,T5,61,1,1,100.0,0.011,0.004,DETECTADO
591,M3,29,T1,60,1,1,100.0,0.016,0.004,DETECTADO
592,M3,29,T2,50,1,1,100.0,0.009,0.004,DETECTADO
593,M3,29,T3,60,1,1,100.0,0.01,0.004,DETECTADO
594,M3,29,T4,60,1,1,100.0,0.011,0.004,DETECTADO
595,M3,29,T5,60,1,1,100.0,0.01,0.004,DETECTADO
596,M3,30,T1,58,1,1,100.0,0.007,0.004,DETECTADO
597,M3,30,T2,58,1,1,100.0,0.011,0.004,DETECTADO
598,M3,30,T3,50,1,1,100.0,0.009,0.004,DETECTADO
599,M3,30,T4,60,1,1,100.0,0.011,0.004,DETECTADO
600,M3,30,T5,56,1,1,100.0,0.009,0.004,DETECTADO
